Athlete,Gender,Country,Country Code,Year,City,Sport,Event,Medal,Discipline,Event Code,Multiple Events,First Event
Gottfried Anglberger,M,Austria,AUT,1952,Helsinki,Wrestling,"Wrestling Men's Welterweight, Greco-Roman",No medal,Wrestling,WRF,False,True
Rudolf Arnold,M,Austria,AUT,1906,Athina,Wrestling,"Wrestling Men's Heavyweight, Greco-Roman",No medal,Wrestling,WRF,False,True
Josef-Georg Auer,M,Austria,AUT,1988,Seoul,Wrestling,"Wrestling Men's Bantamweight, Freestyle",No medal,Wrestling,WRF,False,True
Karl Barl,M,Austria,AUT,1912,Stockholm,Wrestling,"Wrestling Men's Middleweight B, Greco-Roman",No medal,Wrestling,WRF,False,True
Henri Baur,M,Austria,AUT,1906,Athina,Wrestling,"Wrestling Men's Heavyweight, Greco-Roman",Silver,Wrestling,WRF,False,True
Franz Berger,M,Austria,AUT,1960,Roma,Wrestling,"Wrestling Men's Welterweight, Greco-Roman",No medal,Wrestling,WRF,True,True
Franz Berger,M,Austria,AUT,1960,Roma,Wrestling,"Wrestling Men's Welterweight, Freestyle",No medal,Wrestling,WRF,True,True
Franz Berger,M,Austria,AUT,1964,Tokyo,Wrestling,"Wrestling Men's Lightweight, Greco-Roman",No medal,Wrestling,WRF,True,False
Franz Berger,M,Austria,AUT,1968,Mexico City,Wrestling,"Wrestling Men's Welterweight, Greco-Roman",No medal,Wrestling,WRF,True,False
Franz Berger,M,Austria,AUT,1972,Munich,Wrestling,"Wrestling Men's Welterweight, Greco-Roman",No medal,Wrestling,WRF,True,False
Sidney Bergmann,M,Austria,AUT,1924,Paris,Wrestling,"Wrestling Men's Lightweight, Greco-Roman",No medal,Wrestling,WRF,False,True
Bartholomus Brtzner,M,Austria,AUT,1980,Moskva,Wrestling,"Wrestling Men's Welterweight, Freestyle",No medal,Wrestling,WRF,True,False
Bartholomus Brtzner,M,Austria,AUT,1952,Helsinki,Wrestling,"Wrestling Men's Featherweight, Greco-Roman",No medal,Wrestling,WRF,True,True
Bartholomus Brtzner,M,Austria,AUT,1956,Melbourne,Wrestling,"Wrestling Men's Lightweight, Greco-Roman",No medal,Wrestling,WRF,True,False
Bartholomus Brtzner,M,Austria,AUT,1960,Roma,Wrestling,"Wrestling Men's Lightweight, Greco-Roman",No medal,Wrestling,WRF,True,False
Josef Brtzner,M,Austria,AUT,1972,Munich,Wrestling,"Wrestling Men's Lightweight, Greco-Roman",No medal,Wrestling,WRF,False,True
Franz Brunner,M,Austria,AUT,1952,Helsinki,Wrestling,"Wrestling Men's Flyweight, Greco-Roman",No medal,Wrestling,WRF,True,True
Franz Brunner,M,Austria,AUT,1956,Melbourne,Wrestling,"Wrestling Men's Bantamweight, Greco-Roman",No medal,Wrestling,WRF,True,False
Franz Brunner,M,Austria,AUT,1960,Roma,Wrestling,"Wrestling Men's Bantamweight, Greco-Roman",No medal,Wrestling,WRF,True,False
Josef Buemberger,M,Austria,AUT,1936,Berlin,Wrestling,"Wrestling Men's Bantamweight, Greco-Roman",No medal,Wrestling,WRF,False,True
Gnter Busarello,M,Austria,AUT,1980,Moskva,Wrestling,"Wrestling Men's Middleweight, Freestyle",No medal,Wrestling,WRF,True,True
Gnter Busarello,M,Austria,AUT,1984,Los Angeles,Wrestling,"Wrestling Men's Middleweight, Freestyle",No medal,Wrestling,WRF,True,False
Lubos Cikel,M,Austria,AUT,2004,Athina,Wrestling,"Wrestling Men's Lightweight, Freestyle",No medal,Wrestling,WRF,False,True
Kurt Elias,M,Austria,AUT,1948,London,Wrestling,"Wrestling Men's Bantamweight, Greco-Roman",No medal,Wrestling,WRF,False,True
Peter Enzinger,M,Austria,AUT,1948,London,Wrestling,"Wrestling Men's Light-Heavyweight, Greco-Roman",No medal,Wrestling,WRF,False,True
Erich Fincsus,M,Austria,AUT,1936,Berlin,Wrestling,"Wrestling Men's Featherweight, Greco-Roman",No medal,Wrestling,WRF,False,True
Viktor Fischer,M,Austria,AUT,1912,Stockholm,Wrestling,"Wrestling Men's Lightweight, Greco-Roman",No medal,Wrestling,WRF,True,True
Viktor Fischer,M,Austria,AUT,1924,Paris,Wrestling,"Wrestling Men's Middleweight, Greco-Roman",No medal,Wrestling,WRF,True,False
Franz Foidl,M,Austria,AUT,1936,Berlin,Wrestling,"Wrestling Men's Light-Heavyweight, Greco-Roman",No medal,Wrestling,WRF,False,True
Wenzel Goldbach,M,Austria,AUT,1906,Athina,Wrestling,"Wrestling Men's Middleweight, Greco-Roman",No medal,Wrestling,WRF,False,True
Josef Grahsl,M,Austria,AUT,1936,Berlin,Wrestling,"Wrestling Men's Lightweight, Greco-Roman",No medal,Wrestling,WRF,False,True
Ernst Hack,M,Austria,AUT,1972,Munich,Wrestling,"Wrestling Men's Bantamweight, Greco-Roman",No medal,Wrestling,WRF,True,True
Ernst Hack,M,Austria,AUT,1972,Munich,Wrestling,"Wrestling Men's Bantamweight, Freestyle",No medal,Wrestling,WRF,True,True
Franz Hametner,M,Austria,AUT,1936,Berlin,Wrestling,"Wrestling Men's Welterweight, Greco-Roman",No medal,Wrestling,WRF,False,True
Bruno Hartmann,M,Austria,AUT,1972,Munich,Wrestling,"Wrestling Men's Welterweight, Freestyle",No medal,Wrestling,WRF,False,True
Reinhard Hartmann,M,Austria,AUT,1980,Moskva,Wrestling,"Wrestling Men's Lightweight, Greco-Roman",No medal,Wrestling,WRF,False,True
Werner Hartmann,M,Austria,AUT,1960,Roma,Wrestling,"Wrestling Men's Flyweight, Greco-Roman",No medal,Wrestling,WRF,False,True
Adolf Herschmann,M,Austria,AUT,1924,Paris,Wrestling,"Wrestling Men's Bantamweight, Greco-Roman",No medal,Wrestling,WRF,False,True
Nikolaus Hirschl,M,Austria,AUT,1932,Los Angeles,Wrestling,"Wrestling Men's Heavyweight, Greco-Roman",Bronze,Wrestling,WRF,True,True
Nikolaus Hirschl,M,Austria,AUT,1932,Los Angeles,Wrestling,"Wrestling Men's Heavyweight, Freestyle",Bronze,Wrestling,WRF,True,True
Karl Hltl,M,Austria,AUT,1906,Athina,Wrestling,"Wrestling Men's Middleweight, Greco-Roman",No medal,Wrestling,WRF,False,True
Amer Hrustanovic,M,Austria,AUT,2012,London,Wrestling,"Wrestling Men's Light-Heavyweight, Greco-Roman",No medal,Wrestling,WRF,True,True
Amer Hrustanovic,M,Austria,AUT,2016,Rio de Janeiro,Wrestling,"Wrestling Men's Light-Heavyweight, Greco-Roman",No medal,Wrestling,WRF,True,False
Johann Kiss,M,Austria,AUT,1976,Montreal,Wrestling,"Wrestling Men's Welterweight, Greco-Roman",No medal,Wrestling,WRF,False,True
Peter (-kovick),M,Austria,AUT,1912,Stockholm,Wrestling,"Wrestling Men's Middleweight A, Greco-Roman",No medal,Wrestling,WRF,False,True
Helmut Lngle,M,Austria,AUT,1960,Roma,Wrestling,"Wrestling Men's Middleweight, Greco-Roman",No medal,Wrestling,WRF,True,True
Helmut Lngle,M,Austria,AUT,1964,Tokyo,Wrestling,"Wrestling Men's Welterweight, Greco-Roman",No medal,Wrestling,WRF,True,False
Rudolf Lindmayer,M,Austria,AUT,1906,Athina,Wrestling,"Wrestling Men's Middleweight, Greco-Roman",Silver,Wrestling,WRF,False,True
Edwin Lins,M,Austria,AUT,1984,Los Angeles,Wrestling,"Wrestling Men's Light-Heavyweight, Freestyle",No medal,Wrestling,WRF,True,True
Edwin Lins,M,Austria,AUT,1988,Seoul,Wrestling,"Wrestling Men's Light-Heavyweight, Freestyle",No medal,Wrestling,WRF,True,False
Anton Marchl,M,Austria,AUT,1992,Barcelona,Wrestling,"Wrestling Men's Welterweight, Greco-Roman",No medal,Wrestling,WRF,False,True
Georg Marchl,M,Austria,AUT,1984,Los Angeles,Wrestling,"Wrestling Men's Middleweight, Greco-Roman",No medal,Wrestling,WRF,False,True
Johann Marte,M,Austria,AUT,1960,Roma,Wrestling,"Wrestling Men's Featherweight, Greco-Roman",No medal,Wrestling,WRF,True,True
Johann Marte,M,Austria,AUT,1960,Roma,Wrestling,"Wrestling Men's Featherweight, Freestyle",No medal,Wrestling,WRF,True,True
Johann Marte,M,Austria,AUT,1964,Tokyo,Wrestling,"Wrestling Men's Featherweight, Greco-Roman",No medal,Wrestling,WRF,True,False
Franz Marx,M,Austria,AUT,1984,Los Angeles,Wrestling,"Wrestling Men's Light-Heavyweight, Greco-Roman",No medal,Wrestling,WRF,True,True
Franz Marx,M,Austria,AUT,1992,Barcelona,Wrestling,"Wrestling Men's Light-Heavyweight, Greco-Roman",No medal,Wrestling,WRF,True,False
Karl Mezulian,M,Austria,AUT,1924,Paris,Wrestling,"Wrestling Men's Featherweight, Greco-Roman",No medal,Wrestling,WRF,False,True
Franz Mileder,M,Austria,AUT,1924,Paris,Wrestling,"Wrestling Men's Heavyweight, Greco-Roman",No medal,Wrestling,WRF,False,True
Alexander Neumller,M,Austria,AUT,1988,Seoul,Wrestling,"Wrestling Men's Super-Heavyweight, Greco-Roman",No medal,Wrestling,WRF,False,True
Herbert Nigsch,M,Austria,AUT,1980,Moskva,Wrestling,"Wrestling Men's Bantamweight, Greco-Roman",No medal,Wrestling,WRF,True,True
Herbert Nigsch,M,Austria,AUT,1984,Los Angeles,Wrestling,"Wrestling Men's Featherweight, Greco-Roman",No medal,Wrestling,WRF,True,False
Josef Pencik,M,Austria,AUT,1924,Paris,Wrestling,"Wrestling Men's Featherweight, Greco-Roman",No medal,Wrestling,WRF,False,True
Franz Pitschmann,M,Austria,AUT,1976,Montreal,Wrestling,"Wrestling Men's Middleweight, Greco-Roman",No medal,Wrestling,WRF,True,True
Franz Pitschmann,M,Austria,AUT,1980,Moskva,Wrestling,"Wrestling Men's Light-Heavyweight, Greco-Roman",No medal,Wrestling,WRF,True,False
Franz Pitschmann,M,Austria,AUT,1984,Los Angeles,Wrestling,"Wrestling Men's Heavyweight, Greco-Roman",No medal,Wrestling,WRF,True,False
Franz Pitschmann,M,Austria,AUT,1988,Seoul,Wrestling,"Wrestling Men's Light-Heavyweight, Greco-Roman",No medal,Wrestling,WRF,True,False
Markus Pittner,M,Austria,AUT,1988,Seoul,Wrestling,"Wrestling Men's Lightweight, Greco-Roman",No medal,Wrestling,WRF,False,True
Hans Pointner,M,Austria,AUT,1936,Berlin,Wrestling,"Wrestling Men's Middleweight, Greco-Roman",No medal,Wrestling,WRF,False,True
Heinrich Rau,M,Austria,AUT,1912,Stockholm,Wrestling,"Wrestling Men's Featherweight, Greco-Roman",No medal,Wrestling,WRF,False,True
Franz Sax,M,Austria,AUT,1924,Paris,Wrestling,"Wrestling Men's Light-Heavyweight, Greco-Roman",No medal,Wrestling,WRF,False,True
Friedrich Scharrer,M,Austria,AUT,1912,Stockholm,Wrestling,"Wrestling Men's Featherweight, Greco-Roman",No medal,Wrestling,WRF,False,True
Ludwig (-slanger),M,Austria,AUT,1928,Amsterdam,Wrestling,"Wrestling Men's Featherweight, Greco-Roman",No medal,Wrestling,WRF,False,True
Josef Schmidt,M,Austria,AUT,1948,London,Wrestling,"Wrestling Men's Welterweight, Greco-Roman",No medal,Wrestling,WRF,False,True
Eduard Schll,M,Austria,AUT,1936,Berlin,Wrestling,"Wrestling Men's Heavyweight, Greco-Roman",No medal,Wrestling,WRF,False,True
Ludwig Sesta,M,Austria,AUT,1924,Paris,Wrestling,"Wrestling Men's Lightweight, Greco-Roman",No medal,Wrestling,WRF,False,True
Franz Solar,M,Austria,AUT,1906,Athina,Wrestling,"Wrestling Men's Middleweight, Greco-Roman",No medal,Wrestling,WRF,False,True
Josef Stejskal,M,Austria,AUT,1912,Stockholm,Wrestling,"Wrestling Men's Lightweight, Greco-Roman",No medal,Wrestling,WRF,False,True
Dietmar Streitler,M,Austria,AUT,1984,Los Angeles,Wrestling,"Wrestling Men's Lightweight, Greco-Roman",No medal,Wrestling,WRF,False,True
Alois Totuschek,M,Austria,AUT,1912,Stockholm,Wrestling,"Wrestling Men's Middleweight A, Greco-Roman",No medal,Wrestling,WRF,False,True
Johann Trestler,M,Austria,AUT,1912,Stockholm,Wrestling,"Wrestling Men's Middleweight B, Greco-Roman",No medal,Wrestling,WRF,False,True
Radovan Valach,M,Austria,AUT,2004,Athina,Wrestling,"Wrestling Men's Heavyweight, Freestyle",No medal,Wrestling,WRF,False,True
Anton Vogel,M,Austria,AUT,1948,London,Wrestling,"Wrestling Men's Middleweight, Greco-Roman",No medal,Wrestling,WRF,True,True
Anton Vogel,M,Austria,AUT,1948,London,Wrestling,"Wrestling Men's Middleweight, Freestyle",No medal,Wrestling,WRF,True,True
Ernst Wandaller,M,Austria,AUT,1956,Melbourne,Wrestling,"Wrestling Men's Welterweight, Greco-Roman",No medal,Wrestling,WRF,True,True
Ernst Wandaller,M,Austria,AUT,1956,Melbourne,Wrestling,"Wrestling Men's Welterweight, Freestyle",No medal,Wrestling,WRF,True,True
Rudolf Watzl,M,Austria,AUT,1906,Athina,Wrestling,"Wrestling Men's Lightweight, Greco-Roman",Gold,Wrestling,WRF,True,True
Rudolf Watzl,M,Austria,AUT,1906,Athina,Wrestling,"Wrestling Men's All-Around, Greco-Roman",Bronze,Wrestling,WRF,True,True
Georg Weidner,M,Austria,AUT,1948,London,Wrestling,"Wrestling Men's Featherweight, Greco-Roman",No medal,Wrestling,WRF,False,True
Alexander Wendrinsky,M,Austria,AUT,1906,Athina,Wrestling,"Wrestling Men's Lightweight, Greco-Roman",No medal,Wrestling,WRF,False,True
Eugen Jr.,M,Austria,AUT,1956,Melbourne,Wrestling,"Wrestling Men's Light-Heavyweight, Greco-Roman",No medal,Wrestling,WRF,True,True
Eugen Jr.,M,Austria,AUT,1960,Roma,Wrestling,"Wrestling Men's Light-Heavyweight, Greco-Roman",No medal,Wrestling,WRF,True,False
Eugen Jr.,M,Austria,AUT,1964,Tokyo,Wrestling,"Wrestling Men's Light-Heavyweight, Greco-Roman",No medal,Wrestling,WRF,True,False
Eugen Sr.,M,Austria,AUT,1928,Amsterdam,Wrestling,"Wrestling Men's Heavyweight, Greco-Roman",No medal,Wrestling,WRF,False,True
