Athlete,Gender,Country,Country Code,Year,City,Sport,Event,Medal,Discipline,Event Code,Multiple Events,First Event
Ali Abdo,M,Australia,AUS,2000,Sydney,Wrestling,"Wrestling Men's Welterweight, Greco-Roman",No medal,Wrestling,WRF,True,True
Ali Abdo,M,Australia,AUS,2004,Athina,Wrestling,"Wrestling Men's Middleweight, Freestyle",No medal,Wrestling,WRF,True,False
Ali Abdo,M,Australia,AUS,2008,Beijing,Wrestling,"Wrestling Men's Middleweight, Freestyle",No medal,Wrestling,WRF,True,False
Bruce Akers,M,Australia,AUS,1972,Munich,Wrestling,"Wrestling Men's Welterweight, Freestyle",No medal,Wrestling,WRF,True,True
Bruce Akers,M,Australia,AUS,1976,Montreal,Wrestling,"Wrestling Men's Welterweight, Freestyle",No medal,Wrestling,WRF,True,False
Claude Angelo,M,Australia,AUS,1924,Paris,Wrestling,"Wrestling Men's Featherweight, Freestyle",No medal,Wrestling,WRF,False,True
James Armstrong,M,Australia,AUS,1948,London,Wrestling,"Wrestling Men's Heavyweight, Freestyle",Bronze,Wrestling,WRF,False,True
Richard Arthur,M,Australia,AUS,1948,London,Wrestling,"Wrestling Men's Middleweight, Freestyle",No medal,Wrestling,WRF,False,True
Raymond Barry,M,Australia,AUS,1972,Munich,Wrestling,"Wrestling Men's Bantamweight, Freestyle",No medal,Wrestling,WRF,False,True
Thomas Bolger,M,Australia,AUS,1928,Amsterdam,Wrestling,"Wrestling Men's Middleweight, Freestyle",No medal,Wrestling,WRF,False,True
John Boyle,M,Australia,AUS,1964,Tokyo,Wrestling,"Wrestling Men's Welterweight, Freestyle",No medal,Wrestling,WRF,False,True
Christopher Brown,M,Australia,AUS,1980,Moskva,Wrestling,"Wrestling Men's Bantamweight, Freestyle",No medal,Wrestling,WRF,True,True
Christopher Brown,M,Australia,AUS,1984,Los Angeles,Wrestling,"Wrestling Men's Featherweight, Freestyle",No medal,Wrestling,WRF,True,False
Christopher Brown,M,Australia,AUS,1988,Seoul,Wrestling,"Wrestling Men's Lightweight, Freestyle",No medal,Wrestling,WRF,True,False
Christopher Brown,M,Australia,AUS,1992,Barcelona,Wrestling,"Wrestling Men's Lightweight, Freestyle",No medal,Wrestling,WRF,True,False
Christopher Brown,M,Australia,AUS,1996,Atlanta,Wrestling,"Wrestling Men's Middleweight, Freestyle",No medal,Wrestling,WRF,True,False
Geoffrey Brown,M,Australia,AUS,1964,Tokyo,Wrestling,"Wrestling Men's Featherweight, Freestyle",No medal,Wrestling,WRF,False,True
Donald Cacas,M,Australia,AUS,1960,Roma,Wrestling,"Wrestling Men's Featherweight, Greco-Roman",No medal,Wrestling,WRF,True,True
Donald Cacas,M,Australia,AUS,1964,Tokyo,Wrestling,"Wrestling Men's Featherweight, Greco-Roman",No medal,Wrestling,WRF,True,False
Brett Cash,M,Australia,AUS,2000,Sydney,Wrestling,"Wrestling Men's Featherweight, Greco-Roman",No medal,Wrestling,WRF,False,True
Robert Clark,M,Australia,AUS,1960,Roma,Wrestling,"Wrestling Men's Welterweight, Greco-Roman",No medal,Wrestling,WRF,True,True
Robert Clark,M,Australia,AUS,1960,Roma,Wrestling,"Wrestling Men's Welterweight, Freestyle",No medal,Wrestling,WRF,True,True
Kevin Coote,M,Australia,AUS,1952,Helsinki,Wrestling,"Wrestling Men's Light-Heavyweight, Freestyle",No medal,Wrestling,WRF,True,True
Kevin Coote,M,Australia,AUS,1956,Melbourne,Wrestling,"Wrestling Men's Light-Heavyweight, Freestyle",No medal,Wrestling,WRF,True,False
Daniel Cumming,M,Australia,AUS,1988,Seoul,Wrestling,"Wrestling Men's Featherweight, Freestyle",No medal,Wrestling,WRF,False,True
William Davies,M,Australia,AUS,1956,Melbourne,Wrestling,"Wrestling Men's Middleweight, Freestyle",No medal,Wrestling,WRF,False,True
Richard Elliott,M,Australia,AUS,1952,Helsinki,Wrestling,"Wrestling Men's Featherweight, Freestyle",No medal,Wrestling,WRF,True,True
Richard Elliott,M,Australia,AUS,1956,Melbourne,Wrestling,"Wrestling Men's Featherweight, Freestyle",No medal,Wrestling,WRF,True,False
Gregory Fitzgerald,M,Australia,AUS,1996,Atlanta,Wrestling,"Wrestling Men's Flyweight, Freestyle",No medal,Wrestling,WRF,False,True
Frederick Flannery,M,Australia,AUS,1956,Melbourne,Wrestling,"Wrestling Men's Flyweight, Freestyle",No medal,Wrestling,WRF,False,True
Arthur Ford,M,Australia,AUS,1928,Amsterdam,Wrestling,"Wrestling Men's Bantamweight, Freestyle",No medal,Wrestling,WRF,False,True
Richard Garrard,M,Australia,AUS,1936,Berlin,Wrestling,"Wrestling Men's Lightweight, Freestyle",No medal,Wrestling,WRF,True,True
Richard Garrard,M,Australia,AUS,1948,London,Wrestling,"Wrestling Men's Welterweight, Freestyle",Silver,Wrestling,WRF,True,False
Richard Garrard,M,Australia,AUS,1952,Helsinki,Wrestling,"Wrestling Men's Lightweight, Freestyle",No medal,Wrestling,WRF,True,False
Noel Granger,M,Australia,AUS,1956,Melbourne,Wrestling,"Wrestling Men's Welterweight, Freestyle",No medal,Wrestling,WRF,False,True
Craig Green,M,Australia,AUS,1984,Los Angeles,Wrestling,"Wrestling Men's Welterweight, Freestyle",No medal,Wrestling,WRF,False,True
Dieter Grning,M,Australia,AUS,1960,Roma,Wrestling,"Wrestling Men's Flyweight, Freestyle",No medal,Wrestling,WRF,False,True
Malte (hkansson-),M,Australia,AUS,1956,Melbourne,Wrestling,"Wrestling Men's Flyweight, Greco-Roman",No medal,Wrestling,WRF,False,True
Bertram Harris,M,Australia,AUS,1948,London,Wrestling,"Wrestling Men's Flyweight, Freestyle",No medal,Wrestling,WRF,False,True
Ronald Hunt,M,Australia,AUS,1960,Roma,Wrestling,"Wrestling Men's Middleweight, Greco-Roman",No medal,Wrestling,WRF,True,True
Ronald Hunt,M,Australia,AUS,1960,Roma,Wrestling,"Wrestling Men's Middleweight, Freestyle",No medal,Wrestling,WRF,True,True
Norman Ickeringill,M,Australia,AUS,1956,Melbourne,Wrestling,"Wrestling Men's Featherweight, Greco-Roman",No medal,Wrestling,WRF,False,True
Musa Ilhan,M,Australia,AUS,1992,Barcelona,Wrestling,"Wrestling Men's Featherweight, Freestyle",No medal,Wrestling,WRF,True,True
Musa Ilhan,M,Australia,AUS,2000,Sydney,Wrestling,"Wrestling Men's Lightweight, Freestyle",No medal,Wrestling,WRF,True,False
Talgat Ilyasov,M,Australia,AUS,2016,Rio de Janeiro,Wrestling,"Wrestling Men's Middleweight, Freestyle",No medal,Wrestling,WRF,False,True
Geoffrey Jameson,M,Australia,AUS,1956,Melbourne,Wrestling,"Wrestling Men's Bantamweight, Freestyle",No medal,Wrestling,WRF,True,True
Geoffrey Jameson,M,Australia,AUS,1960,Roma,Wrestling,"Wrestling Men's Bantamweight, Freestyle",No medal,Wrestling,WRF,True,False
Cameron Johnston,M,Australia,AUS,2000,Sydney,Wrestling,"Wrestling Men's Welterweight, Freestyle",No medal,Wrestling,WRF,False,True
Zsigmond Kelevitz,M,Australia,AUS,1976,Montreal,Wrestling,"Wrestling Men's Lightweight, Freestyle",No medal,Wrestling,WRF,True,True
Zsigmond Kelevitz,M,Australia,AUS,1980,Moskva,Wrestling,"Wrestling Men's Lightweight, Freestyle",No medal,Wrestling,WRF,True,False
Zsigmond Kelevitz,M,Australia,AUS,1984,Los Angeles,Wrestling,"Wrestling Men's Lightweight, Freestyle",No medal,Wrestling,WRF,True,False
John Kinsella,M,Australia,AUS,1968,Mexico City,Wrestling,"Wrestling Men's Flyweight, Freestyle",No medal,Wrestling,WRF,True,True
John Kinsella,M,Australia,AUS,1972,Munich,Wrestling,"Wrestling Men's Flyweight, Freestyle",No medal,Wrestling,WRF,True,False
Walter Koenig,M,Australia,AUS,1988,Seoul,Wrestling,"Wrestling Men's Light-Heavyweight, Freestyle",No medal,Wrestling,WRF,False,True
Laszlo Kovacs,M,Australia,AUS,2000,Sydney,Wrestling,"Wrestling Men's Super-Heavyweight, Greco-Roman",No medal,Wrestling,WRF,False,True
Sandeep Kumar,M,Australia,AUS,2008,Beijing,Wrestling,"Wrestling Men's Light-Heavyweight, Freestyle",No medal,Wrestling,WRF,False,True
Vitezslav Macha,M,Australia,AUS,1956,Melbourne,Wrestling,"Wrestling Men's Light-Heavyweight, Greco-Roman",No medal,Wrestling,WRF,False,True
Sidney Marsh,M,Australia,AUS,1964,Tokyo,Wrestling,"Wrestling Men's Lightweight, Freestyle",No medal,Wrestling,WRF,True,True
Sidney Marsh,M,Australia,AUS,1968,Mexico City,Wrestling,"Wrestling Men's Lightweight, Freestyle",No medal,Wrestling,WRF,True,False
Max Mcalary,M,Australia,AUS,1964,Tokyo,Wrestling,"Wrestling Men's Flyweight, Freestyle",No medal,Wrestling,WRF,False,True
Kevin Mcgrath,M,Australia,AUS,1964,Tokyo,Wrestling,"Wrestling Men's Bantamweight, Freestyle",No medal,Wrestling,WRF,False,True
Charles Mitchell,M,Australia,AUS,1956,Melbourne,Wrestling,"Wrestling Men's Heavyweight, Freestyle",No medal,Wrestling,WRF,True,True
Charles Mitchell,M,Australia,AUS,1960,Roma,Wrestling,"Wrestling Men's Heavyweight, Freestyle",No medal,Wrestling,WRF,True,False
Thomas Morris,M,Australia,AUS,1928,Amsterdam,Wrestling,"Wrestling Men's Welterweight, Freestyle",No medal,Wrestling,WRF,False,True
Frederick Murphy,M,Australia,AUS,1956,Melbourne,Wrestling,"Wrestling Men's Welterweight, Greco-Roman",No medal,Wrestling,WRF,False,True
Cory O'brien,M,Australia,AUS,1996,Atlanta,Wrestling,"Wrestling Men's Bantamweight, Freestyle",No medal,Wrestling,WRF,True,True
Cory O'brien,M,Australia,AUS,2000,Sydney,Wrestling,"Wrestling Men's Featherweight, Freestyle",No medal,Wrestling,WRF,True,False
Wesley O'brien,M,Australia,AUS,1968,Mexico City,Wrestling,"Wrestling Men's Welterweight, Greco-Roman",No medal,Wrestling,WRF,True,True
Wesley O'brien,M,Australia,AUS,1968,Mexico City,Wrestling,"Wrestling Men's Welterweight, Freestyle",No medal,Wrestling,WRF,True,True
John O'hara,M,Australia,AUS,1936,Berlin,Wrestling,"Wrestling Men's Welterweight, Freestyle",No medal,Wrestling,WRF,False,True
Arkadiusz Olczak,M,Australia,AUS,2000,Sydney,Wrestling,"Wrestling Men's Light-Heavyweight, Greco-Roman",No medal,Wrestling,WRF,False,True
Reinold Ozoline,M,Australia,AUS,1996,Atlanta,Wrestling,"Wrestling Men's Welterweight, Freestyle",No medal,Wrestling,WRF,True,True
Reinold Ozoline,M,Australia,AUS,2000,Sydney,Wrestling,"Wrestling Men's Middleweight, Freestyle",No medal,Wrestling,WRF,True,False
Samuel Parker,M,Australia,AUS,1960,Roma,Wrestling,"Wrestling Men's Featherweight, Freestyle",No medal,Wrestling,WRF,False,True
Patrick Parsons,M,Australia,AUS,1960,Roma,Wrestling,"Wrestling Men's Light-Heavyweight, Freestyle",No medal,Wrestling,WRF,False,True
William Paterson,M,Australia,AUS,1956,Melbourne,Wrestling,"Wrestling Men's Middleweight, Greco-Roman",No medal,Wrestling,WRF,False,True
Michael Pikos,M,Australia,AUS,1980,Moskva,Wrestling,"Wrestling Men's Light-Heavyweight, Freestyle",No medal,Wrestling,WRF,True,True
Michael Pikos,M,Australia,AUS,1996,Atlanta,Wrestling,"Wrestling Men's Super-Heavyweight, Freestyle",No medal,Wrestling,WRF,True,False
Ivan Popov,M,Australia,AUS,2016,Rio de Janeiro,Wrestling,"Wrestling Men's Super-Heavyweight, Greco-Roman",No medal,Wrestling,WRF,False,True
Igor Praporshchikov,M,Australia,AUS,2000,Sydney,Wrestling,"Wrestling Men's Light-Heavyweight, Freestyle",No medal,Wrestling,WRF,False,True
Sahit Prizreni,M,Australia,AUS,2016,Rio de Janeiro,Wrestling,"Wrestling Men's Welterweight, Freestyle",No medal,Wrestling,WRF,False,True
Stephen Raskovy,M,Australia,AUS,1964,Tokyo,Wrestling,"Wrestling Men's Middleweight, Greco-Roman",No medal,Wrestling,WRF,False,True
Robert Renney,M,Australia,AUS,1996,Atlanta,Wrestling,"Wrestling Men's Light-Heavyweight, Freestyle",No medal,Wrestling,WRF,False,True
Edward Scarf,M,Australia,AUS,1932,Los Angeles,Wrestling,"Wrestling Men's Light-Heavyweight, Freestyle",Bronze,Wrestling,WRF,True,True
Edward Scarf,M,Australia,AUS,1936,Berlin,Wrestling,"Wrestling Men's Light-Heavyweight, Freestyle",No medal,Wrestling,WRF,True,False
David Schumacher,M,Australia,AUS,1956,Melbourne,Wrestling,"Wrestling Men's Lightweight, Freestyle",No medal,Wrestling,WRF,False,True
Bevan Scott,M,Australia,AUS,1952,Helsinki,Wrestling,"Wrestling Men's Welterweight, Freestyle",No medal,Wrestling,WRF,False,True
Hassan Shahsavan,M,Australia,AUS,2008,Beijing,Wrestling,"Wrestling Men's Middleweight, Greco-Roman",No medal,Wrestling,WRF,False,True
Gordon Smith,M,Australia,AUS,1976,Montreal,Wrestling,"Wrestling Men's Bantamweight, Freestyle",No medal,Wrestling,WRF,False,True
Nicholas Stamulus,M,Australia,AUS,1960,Roma,Wrestling,"Wrestling Men's Lightweight, Greco-Roman",No medal,Wrestling,WRF,True,True
Nicholas Stamulus,M,Australia,AUS,1960,Roma,Wrestling,"Wrestling Men's Lightweight, Freestyle",No medal,Wrestling,WRF,True,True
Ronald Sweeney,M,Australia,AUS,1956,Melbourne,Wrestling,"Wrestling Men's Bantamweight, Greco-Roman",No medal,Wrestling,WRF,False,True
Gabriel Szerda,M,Australia,AUS,2000,Sydney,Wrestling,"Wrestling Men's Heavyweight, Freestyle",No medal,Wrestling,WRF,False,True
Farzad Tarash,M,Australia,AUS,2012,London,Wrestling,"Wrestling Men's Lightweight, Freestyle",No medal,Wrestling,WRF,False,True
Benjamin Vincent,M,Australia,AUS,1996,Atlanta,Wrestling,"Wrestling Men's Heavyweight, Freestyle",No medal,Wrestling,WRF,True,True
Benjamin Vincent,M,Australia,AUS,2000,Sydney,Wrestling,"Wrestling Men's Heavyweight, Greco-Roman",No medal,Wrestling,WRF,True,False
Richard Weiss,M,Australia,AUS,1996,Atlanta,Wrestling,"Wrestling Men's Lightweight, Freestyle",No medal,Wrestling,WRF,False,True
Hugh Williams,M,Australia,AUS,1964,Tokyo,Wrestling,"Wrestling Men's Light-Heavyweight, Freestyle",No medal,Wrestling,WRF,False,True
Joseph Zammit,M,Australia,AUS,1956,Melbourne,Wrestling,"Wrestling Men's Heavyweight, Greco-Roman",No medal,Wrestling,WRF,False,True
Leonid Zaslavsky,M,Australia,AUS,1996,Atlanta,Wrestling,"Wrestling Men's Featherweight, Freestyle",No medal,Wrestling,WRF,False,True
Georgii Okorokov,M,Australia,AUS,2024,Paris,Wrestling,Men's Freestyle 65kg,No medal,Men's,WRF,False,True
Alexander Lawrence,M,Australia,AUS,2024,Paris,Wrestling,Men's Freestyle 86kg,No medal,Men's,WRF,False,True
