Athlete,Gender,Country,Country Code,Year,City,Sport,Event,Medal,Discipline,Event Code,Multiple Events,First Event
Franck Abrial,M,France,FRA,1988,Seoul,Wrestling,"Wrestling Men's Lightweight, Greco-Roman",No medal,Wrestling,WRF,False,True
Djamel Ainaoui,M,France,FRA,2000,Sydney,Wrestling,"Wrestling Men's Featherweight, Greco-Roman",No medal,Wrestling,WRF,False,True
Kouadio Aka-akesse,M,France,FRA,2004,Athina,Wrestling,"Wrestling Men's Light-Heavyweight, Freestyle",No medal,Wrestling,WRF,True,True
Kouadio Aka-akesse,M,France,FRA,2008,Beijing,Wrestling,"Wrestling Men's Heavyweight, Freestyle",No medal,Wrestling,WRF,True,False
Christophe Andanson,M,France,FRA,1980,Moskva,Wrestling,"Wrestling Men's Light-Heavyweight, Greco-Roman",No medal,Wrestling,WRF,True,True
Christophe Andanson,M,France,FRA,1980,Moskva,Wrestling,"Wrestling Men's Light-Heavyweight, Freestyle",No medal,Wrestling,WRF,True,True
Pierre Angelot,M,France,FRA,1920,Antwerpen,Wrestling,"Wrestling Men's Middleweight, Freestyle",No medal,Wrestling,WRF,False,True
Georges Appruzze,M,France,FRA,1924,Paris,Wrestling,"Wrestling Men's Bantamweight, Greco-Roman",No medal,Wrestling,WRF,False,True
Jsus Arenzana,M,France,FRA,1948,London,Wrestling,"Wrestling Men's Bantamweight, Greco-Roman",No medal,Wrestling,WRF,False,True
Alphonse Aria,M,France,FRA,1928,Amsterdam,Wrestling,"Wrestling Men's Bantamweight, Greco-Roman",No medal,Wrestling,WRF,False,True
Charles Backsman,M,France,FRA,1920,Antwerpen,Wrestling,"Wrestling Men's Middleweight, Freestyle",No medal,Wrestling,WRF,False,True
J. Baillot,M,France,FRA,1924,Paris,Wrestling,"Wrestling Men's Light-Heavyweight, Freestyle",No medal,Wrestling,WRF,False,True
Thodore Bainconneau,M,France,FRA,1920,Antwerpen,Wrestling,"Wrestling Men's Lightweight, Greco-Roman",No medal,Wrestling,WRF,False,True
Georges Ballery,M,France,FRA,1960,Roma,Wrestling,"Wrestling Men's Featherweight, Freestyle",No medal,Wrestling,WRF,True,True
Georges Ballery,M,France,FRA,1964,Tokyo,Wrestling,"Wrestling Men's Featherweight, Greco-Roman",No medal,Wrestling,WRF,True,False
Georges Barathon,M,France,FRA,1920,Antwerpen,Wrestling,"Wrestling Men's Featherweight, Freestyle",No medal,Wrestling,WRF,False,True
Adrien Barrier,M,France,FRA,1912,Stockholm,Wrestling,"Wrestling Men's Middleweight A, Greco-Roman",No medal,Wrestling,WRF,False,True
Roland Baudric,M,France,FRA,1948,London,Wrestling,"Wrestling Men's Flyweight, Freestyle",No medal,Wrestling,WRF,False,True
Jean Baumert,M,France,FRA,1924,Paris,Wrestling,"Wrestling Men's Light-Heavyweight, Greco-Roman",No medal,Wrestling,WRF,False,True
Georges Bayle,M,France,FRA,1936,Berlin,Wrestling,"Wrestling Men's Bantamweight, Greco-Roman",No medal,Wrestling,WRF,False,True
Tarik Belmadani,M,France,FRA,2012,London,Wrestling,"Wrestling Men's Lightweight, Greco-Roman",No medal,Wrestling,WRF,False,True
Bruno Beudet,M,France,FRA,1988,Seoul,Wrestling,"Wrestling Men's Welterweight, Freestyle",No medal,Wrestling,WRF,False,True
Roger Bielle,M,France,FRA,1952,Helsinki,Wrestling,"Wrestling Men's Featherweight, Freestyle",No medal,Wrestling,WRF,True,True
Roger Bielle,M,France,FRA,1956,Melbourne,Wrestling,"Wrestling Men's Featherweight, Greco-Roman",No medal,Wrestling,WRF,True,False
Roger Bielle,M,France,FRA,1956,Melbourne,Wrestling,"Wrestling Men's Lightweight, Freestyle",No medal,Wrestling,WRF,True,False
Roger Bielle,M,France,FRA,1960,Roma,Wrestling,"Wrestling Men's Lightweight, Freestyle",No medal,Wrestling,WRF,True,False
Paul Boghaert,M,France,FRA,1906,Athina,Wrestling,"Wrestling Men's Middleweight, Greco-Roman",No medal,Wrestling,WRF,False,True
Paul Bonnefont,M,France,FRA,1924,Paris,Wrestling,"Wrestling Men's Light-Heavyweight, Greco-Roman",No medal,Wrestling,WRF,False,True
Andr Bouchoule,M,France,FRA,1972,Munich,Wrestling,"Wrestling Men's Middleweight, Greco-Roman",No medal,Wrestling,WRF,True,True
Andr Bouchoule,M,France,FRA,1972,Munich,Wrestling,"Wrestling Men's Middleweight, Freestyle",No medal,Wrestling,WRF,True,True
Andr Bouchoule,M,France,FRA,1976,Montreal,Wrestling,"Wrestling Men's Middleweight, Greco-Roman",No medal,Wrestling,WRF,True,False
Andr Bouchoule,M,France,FRA,1976,Montreal,Wrestling,"Wrestling Men's Middleweight, Freestyle",No medal,Wrestling,WRF,True,False
Jean-Marie Bouffechoux,M,France,FRA,1912,Stockholm,Wrestling,"Wrestling Men's Lightweight, Greco-Roman",No medal,Wrestling,WRF,False,True
Jules Bouquet,M,France,FRA,1920,Antwerpen,Wrestling,"Wrestling Men's Featherweight, Greco-Roman",No medal,Wrestling,WRF,True,True
Jules Bouquet,M,France,FRA,1924,Paris,Wrestling,"Wrestling Men's Bantamweight, Freestyle",No medal,Wrestling,WRF,True,False
Thierry Bourdin,M,France,FRA,1984,Los Angeles,Wrestling,"Wrestling Men's Flyweight, Freestyle",No medal,Wrestling,WRF,True,True
Thierry Bourdin,M,France,FRA,1988,Seoul,Wrestling,"Wrestling Men's Flyweight, Freestyle",No medal,Wrestling,WRF,True,False
Thierry Bourdin,M,France,FRA,1992,Barcelona,Wrestling,"Wrestling Men's Flyweight, Freestyle",No medal,Wrestling,WRF,True,False
Maurice Bovis,M,France,FRA,1920,Antwerpen,Wrestling,"Wrestling Men's Featherweight, Greco-Roman",No medal,Wrestling,WRF,False,True
Eric Brulon,M,France,FRA,1984,Los Angeles,Wrestling,"Wrestling Men's Lightweight, Freestyle",No medal,Wrestling,WRF,False,True
Andr Brunaud,M,France,FRA,1948,London,Wrestling,"Wrestling Men's Middleweight, Freestyle",No medal,Wrestling,WRF,True,True
Andr Brunaud,M,France,FRA,1952,Helsinki,Wrestling,"Wrestling Men's Middleweight, Freestyle",No medal,Wrestling,WRF,True,False
Raymond Santiago,M,France,FRA,1912,Stockholm,Wrestling,"Wrestling Men's Lightweight, Greco-Roman",No medal,Wrestling,WRF,False,True
Marcel Capron,M,France,FRA,1924,Paris,Wrestling,"Wrestling Men's Featherweight, Greco-Roman",No medal,Wrestling,WRF,False,True
Georges Carbasse,M,France,FRA,1972,Munich,Wrestling,"Wrestling Men's Lightweight, Freestyle",No medal,Wrestling,WRF,False,True
Jean-Pierre Chambellan,M,France,FRA,1984,Los Angeles,Wrestling,"Wrestling Men's Flyweight, Greco-Roman",No medal,Wrestling,WRF,False,True
Jean Chasson,M,France,FRA,1932,Los Angeles,Wrestling,"Wrestling Men's Featherweight, Freestyle",No medal,Wrestling,WRF,True,True
Jean Chasson,M,France,FRA,1936,Berlin,Wrestling,"Wrestling Men's Featherweight, Freestyle",No medal,Wrestling,WRF,True,False
Ren Chesneau,M,France,FRA,1948,London,Wrestling,"Wrestling Men's Welterweight, Greco-Roman",No medal,Wrestling,WRF,True,True
Ren Chesneau,M,France,FRA,1952,Helsinki,Wrestling,"Wrestling Men's Welterweight, Greco-Roman",No medal,Wrestling,WRF,True,False
mile Clody,M,France,FRA,1924,Paris,Wrestling,"Wrestling Men's Middleweight, Greco-Roman",No medal,Wrestling,WRF,True,True
mile Clody,M,France,FRA,1928,Amsterdam,Wrestling,"Wrestling Men's Light-Heavyweight, Greco-Roman",No medal,Wrestling,WRF,True,False
Jean-Franois Court,M,France,FRA,1984,Los Angeles,Wrestling,"Wrestling Men's Light-Heavyweight, Greco-Roman",No medal,Wrestling,WRF,True,True
Jean-Franois Court,M,France,FRA,1988,Seoul,Wrestling,"Wrestling Men's Light-Heavyweight, Greco-Roman",No medal,Wrestling,WRF,True,False
Edmond Dame,M,France,FRA,1920,Antwerpen,Wrestling,"Wrestling Men's Heavyweight, Greco-Roman",No medal,Wrestling,WRF,True,True
Edmond Dame,M,France,FRA,1924,Paris,Wrestling,"Wrestling Men's Heavyweight, Greco-Roman",No medal,Wrestling,WRF,True,False
Edmond Dame,M,France,FRA,1924,Paris,Wrestling,"Wrestling Men's Heavyweight, Freestyle",No medal,Wrestling,WRF,True,False
Edmond Dame,M,France,FRA,1928,Amsterdam,Wrestling,"Wrestling Men's Heavyweight, Freestyle",Bronze,Wrestling,WRF,True,False
S. Lanfranchi,M,France,FRA,1928,Amsterdam,Wrestling,"Wrestling Men's Heavyweight, Greco-Roman",No medal,Wrestling,WRF,False,True
Jean Deglane,M,France,FRA,1924,Paris,Wrestling,"Wrestling Men's Heavyweight, Greco-Roman",Gold,Wrestling,WRF,False,True
Jules Deligny,M,France,FRA,1920,Antwerpen,Wrestling,"Wrestling Men's Lightweight, Freestyle",No medal,Wrestling,WRF,False,True
Calixte Delmas,M,France,FRA,1924,Paris,Wrestling,"Wrestling Men's Featherweight, Freestyle",No medal,Wrestling,WRF,False,True
Charles Delporte,M,France,FRA,1936,Berlin,Wrestling,"Wrestling Men's Lightweight, Freestyle",No medal,Wrestling,WRF,False,True
Henri Deniel,M,France,FRA,1928,Amsterdam,Wrestling,"Wrestling Men's Middleweight, Freestyle",No medal,Wrestling,WRF,False,True
Julien Depuychaffray,M,France,FRA,1932,Los Angeles,Wrestling,"Wrestling Men's Bantamweight, Freestyle",No medal,Wrestling,WRF,False,True
J. Domas,M,France,FRA,1924,Paris,Wrestling,"Wrestling Men's Middleweight, Greco-Roman",No medal,Wrestling,WRF,False,True
Jean Douvinet,M,France,FRA,1920,Antwerpen,Wrestling,"Wrestling Men's Light-Heavyweight, Greco-Roman",No medal,Wrestling,WRF,False,True
Gilbert Dubier,M,France,FRA,1960,Roma,Wrestling,"Wrestling Men's Bantamweight, Greco-Roman",No medal,Wrestling,WRF,False,True
Gaston Ducayla,M,France,FRA,1924,Paris,Wrestling,"Wrestling Men's Bantamweight, Freestyle",No medal,Wrestling,WRF,False,True
Marcel Dupraz,M,France,FRA,1924,Paris,Wrestling,"Wrestling Men's Welterweight, Freestyle",No medal,Wrestling,WRF,False,True
Raymond Durr,M,France,FRA,1924,Paris,Wrestling,"Wrestling Men's Middleweight, Freestyle",No medal,Wrestling,WRF,False,True
Albert Falaux,M,France,FRA,1948,London,Wrestling,"Wrestling Men's Lightweight, Greco-Roman",No medal,Wrestling,WRF,False,True
Edmond Faure,M,France,FRA,1948,London,Wrestling,"Wrestling Men's Flyweight, Greco-Roman",No medal,Wrestling,WRF,True,True
Edmond Faure,M,France,FRA,1952,Helsinki,Wrestling,"Wrestling Men's Flyweight, Greco-Roman",No medal,Wrestling,WRF,True,False
Maurice Faure,M,France,FRA,1952,Helsinki,Wrestling,"Wrestling Men's Bantamweight, Greco-Roman",No medal,Wrestling,WRF,False,True
G. Fichu,M,France,FRA,1924,Paris,Wrestling,"Wrestling Men's Welterweight, Freestyle",No medal,Wrestling,WRF,False,True
Louis Franois,M,France,FRA,1932,Los Angeles,Wrestling,"Wrestling Men's Bantamweight, Greco-Roman",Bronze,Wrestling,WRF,False,True
Andr Gasiglia,M,France,FRA,1920,Antwerpen,Wrestling,"Wrestling Men's Heavyweight, Greco-Roman",No medal,Wrestling,WRF,False,True
Andr Gaudinot,M,France,FRA,1968,Mexico City,Wrestling,"Wrestling Men's Flyweight, Greco-Roman",No medal,Wrestling,WRF,True,True
Andr Gaudinot,M,France,FRA,1968,Mexico City,Wrestling,"Wrestling Men's Flyweight, Freestyle",No medal,Wrestling,WRF,True,True
mile Gorbire,M,France,FRA,1920,Antwerpen,Wrestling,"Wrestling Men's Middleweight, Greco-Roman",No medal,Wrestling,WRF,False,True
Michel Grangier,M,France,FRA,1972,Munich,Wrestling,"Wrestling Men's Light-Heavyweight, Freestyle",No medal,Wrestling,WRF,True,True
Michel Grangier,M,France,FRA,1976,Montreal,Wrestling,"Wrestling Men's Light-Heavyweight, Greco-Roman",No medal,Wrestling,WRF,True,False
Michel Grangier,M,France,FRA,1976,Montreal,Wrestling,"Wrestling Men's Light-Heavyweight, Freestyle",No medal,Wrestling,WRF,True,False
Christophe Gunot,M,France,FRA,2008,Beijing,Wrestling,"Wrestling Men's Middleweight, Greco-Roman",Bronze,Wrestling,WRF,True,True
Christophe Gunot,M,France,FRA,2012,London,Wrestling,"Wrestling Men's Middleweight, Greco-Roman",No medal,Wrestling,WRF,True,False
Steeve Gunot,M,France,FRA,2008,Beijing,Wrestling,"Wrestling Men's Welterweight, Greco-Roman",Gold,Wrestling,WRF,True,True
Steeve Gunot,M,France,FRA,2012,London,Wrestling,"Wrestling Men's Welterweight, Greco-Roman",Bronze,Wrestling,WRF,True,False
Maurice Guinard,M,France,FRA,1924,Paris,Wrestling,"Wrestling Men's Featherweight, Freestyle",No medal,Wrestling,WRF,False,True
Jean Harrasse,M,France,FRA,1920,Antwerpen,Wrestling,"Wrestling Men's Featherweight, Freestyle",No medal,Wrestling,WRF,False,True
Robert Herland,M,France,FRA,1936,Berlin,Wrestling,"Wrestling Men's Heavyweight, Freestyle",No medal,Wrestling,WRF,False,True
Sbastien Hidalgo,M,France,FRA,2008,Beijing,Wrestling,"Wrestling Men's Lightweight, Greco-Roman",No medal,Wrestling,WRF,False,True
Jean Houdry,M,France,FRA,1936,Berlin,Wrestling,"Wrestling Men's Light-Heavyweight, Greco-Roman",No medal,Wrestling,WRF,False,True
Maurice Jacquel,M,France,FRA,1960,Roma,Wrestling,"Wrestling Men's Light-Heavyweight, Greco-Roman",No medal,Wrestling,WRF,True,True
Maurice Jacquel,M,France,FRA,1960,Roma,Wrestling,"Wrestling Men's Light-Heavyweight, Freestyle",No medal,Wrestling,WRF,True,True
Gilles Jalabert,M,France,FRA,1984,Los Angeles,Wrestling,"Wrestling Men's Featherweight, Greco-Roman",No medal,Wrestling,WRF,True,True
Gilles Jalabert,M,France,FRA,1988,Seoul,Wrestling,"Wrestling Men's Featherweight, Greco-Roman",No medal,Wrestling,WRF,True,False
Robert Jouaville,M,France,FRA,1948,London,Wrestling,"Wrestling Men's Featherweight, Freestyle",No medal,Wrestling,WRF,False,True
Henri Joudiou,M,France,FRA,1920,Antwerpen,Wrestling,"Wrestling Men's Lightweight, Freestyle",No medal,Wrestling,WRF,False,True
tienne Jourdain,M,France,FRA,1924,Paris,Wrestling,"Wrestling Men's Lightweight, Freestyle",No medal,Wrestling,WRF,False,True
Jean Jourlin,M,France,FRA,1928,Amsterdam,Wrestling,"Wrestling Men's Welterweight, Freestyle",No medal,Wrestling,WRF,True,True
Jean Jourlin,M,France,FRA,1936,Berlin,Wrestling,"Wrestling Men's Welterweight, Freestyle",No medal,Wrestling,WRF,True,False
Georges Juery,M,France,FRA,1906,Athina,Wrestling,"Wrestling Men's Middleweight, Greco-Roman",No medal,Wrestling,WRF,False,True
Marcel Kappeler,M,France,FRA,1924,Paris,Wrestling,"Wrestling Men's Light-Heavyweight, Freestyle",No medal,Wrestling,WRF,False,True
Zelimkhan Khadjiev,M,France,FRA,2016,Rio de Janeiro,Wrestling,"Wrestling Men's Middleweight, Freestyle",No medal,Wrestling,WRF,False,True
Charles Kouyos,M,France,FRA,1948,London,Wrestling,"Wrestling Men's Bantamweight, Freestyle",Bronze,Wrestling,WRF,True,True
Charles Kouyos,M,France,FRA,1952,Helsinki,Wrestling,"Wrestling Men's Bantamweight, Freestyle",No medal,Wrestling,WRF,True,False
Eugne Kracher,M,France,FRA,1936,Berlin,Wrestling,"Wrestling Men's Featherweight, Greco-Roman",No medal,Wrestling,WRF,False,True
Thophile Kueny,M,France,FRA,1924,Paris,Wrestling,"Wrestling Men's Bantamweight, Greco-Roman",No medal,Wrestling,WRF,False,True
Lionel Lacaze,M,France,FRA,1976,Montreal,Wrestling,"Wrestling Men's Featherweight, Greco-Roman",No medal,Wrestling,WRF,True,True
Lionel Lacaze,M,France,FRA,1980,Moskva,Wrestling,"Wrestling Men's Lightweight, Greco-Roman",No medal,Wrestling,WRF,True,False
Andr Lamy,M,France,FRA,1960,Roma,Wrestling,"Wrestling Men's Middleweight, Greco-Roman",No medal,Wrestling,WRF,False,True
Robert Landesmann,M,France,FRA,1948,London,Wrestling,"Wrestling Men's Light-Heavyweight, Freestyle",No medal,Wrestling,WRF,False,True
Jean-Baptiste Leclerc,M,France,FRA,1948,London,Wrestling,"Wrestling Men's Welterweight, Freestyle",No medal,Wrestling,WRF,True,True
Jean-Baptiste Leclerc,M,France,FRA,1952,Helsinki,Wrestling,"Wrestling Men's Welterweight, Freestyle",No medal,Wrestling,WRF,True,False
Pierre Ledron,M,France,FRA,1920,Antwerpen,Wrestling,"Wrestling Men's Light-Heavyweight, Freestyle",No medal,Wrestling,WRF,False,True
Henri Lefbvre,M,France,FRA,1928,Amsterdam,Wrestling,"Wrestling Men's Light-Heavyweight, Freestyle",Bronze,Wrestling,WRF,False,True
Alcide Legrand,M,France,FRA,1992,Barcelona,Wrestling,"Wrestling Men's Middleweight, Freestyle",No medal,Wrestling,WRF,False,True
David Legrand,M,France,FRA,1996,Atlanta,Wrestling,"Wrestling Men's Flyweight, Freestyle",No medal,Wrestling,WRF,False,True
Auguste Lesieur,M,France,FRA,1912,Stockholm,Wrestling,"Wrestling Men's Lightweight, Greco-Roman",No medal,Wrestling,WRF,False,True
Diego Brutto,M,France,FRA,1976,Montreal,Wrestling,"Wrestling Men's Flyweight, Freestyle",No medal,Wrestling,WRF,False,True
Maxime Lubat,M,France,FRA,1936,Berlin,Wrestling,"Wrestling Men's Welterweight, Greco-Roman",No medal,Wrestling,WRF,False,True
Roger Mannhard,M,France,FRA,1960,Roma,Wrestling,"Wrestling Men's Featherweight, Greco-Roman",No medal,Wrestling,WRF,False,True
Guy Marchand,M,France,FRA,1968,Mexico City,Wrestling,"Wrestling Men's Lightweight, Greco-Roman",No medal,Wrestling,WRF,True,True
Guy Marchand,M,France,FRA,1968,Mexico City,Wrestling,"Wrestling Men's Lightweight, Freestyle",No medal,Wrestling,WRF,True,True
douard Martin,M,France,FRA,1912,Stockholm,Wrestling,"Wrestling Men's Middleweight B, Greco-Roman",No medal,Wrestling,WRF,False,True
Henri Meiss,M,France,FRA,1992,Barcelona,Wrestling,"Wrestling Men's Light-Heavyweight, Greco-Roman",No medal,Wrestling,WRF,False,True
Antoine Merle,M,France,FRA,1948,London,Wrestling,"Wrestling Men's Featherweight, Greco-Roman",No medal,Wrestling,WRF,True,True
Antoine Merle,M,France,FRA,1952,Helsinki,Wrestling,"Wrestling Men's Featherweight, Greco-Roman",No medal,Wrestling,WRF,True,False
Georges Metayer,M,France,FRA,1924,Paris,Wrestling,"Wrestling Men's Lightweight, Greco-Roman",No medal,Wrestling,WRF,False,True
Franois Meyer,M,France,FRA,1920,Antwerpen,Wrestling,"Wrestling Men's Light-Heavyweight, Freestyle",No medal,Wrestling,WRF,False,True
Martial Mischler,M,France,FRA,1984,Los Angeles,Wrestling,"Wrestling Men's Welterweight, Greco-Roman",No medal,Wrestling,WRF,True,True
Martial Mischler,M,France,FRA,1988,Seoul,Wrestling,"Wrestling Men's Welterweight, Greco-Roman",No medal,Wrestling,WRF,True,False
Martial Mischler,M,France,FRA,1992,Barcelona,Wrestling,"Wrestling Men's Middleweight, Greco-Roman",No medal,Wrestling,WRF,True,False
Roger Mollet,M,France,FRA,1928,Amsterdam,Wrestling,"Wrestling Men's Featherweight, Greco-Roman",No medal,Wrestling,WRF,False,True
Patrice Mourier,M,France,FRA,1984,Los Angeles,Wrestling,"Wrestling Men's Bantamweight, Greco-Roman",No medal,Wrestling,WRF,True,True
Patrice Mourier,M,France,FRA,1988,Seoul,Wrestling,"Wrestling Men's Bantamweight, Greco-Roman",No medal,Wrestling,WRF,True,False
Patrice Mourier,M,France,FRA,1992,Barcelona,Wrestling,"Wrestling Men's Bantamweight, Greco-Roman",No medal,Wrestling,WRF,True,False
Mlonin Noumonvi,M,France,FRA,2004,Athina,Wrestling,"Wrestling Men's Light-Heavyweight, Greco-Roman",No medal,Wrestling,WRF,True,True
Mlonin Noumonvi,M,France,FRA,2008,Beijing,Wrestling,"Wrestling Men's Light-Heavyweight, Greco-Roman",No medal,Wrestling,WRF,True,False
Mlonin Noumonvi,M,France,FRA,2012,London,Wrestling,"Wrestling Men's Light-Heavyweight, Greco-Roman",No medal,Wrestling,WRF,True,False
Charles Pacme,M,France,FRA,1928,Amsterdam,Wrestling,"Wrestling Men's Lightweight, Freestyle",Silver,Wrestling,WRF,True,True
Charles Pacme,M,France,FRA,1932,Los Angeles,Wrestling,"Wrestling Men's Lightweight, Freestyle",Gold,Wrestling,WRF,True,False
Didier Pais,M,France,FRA,2012,London,Wrestling,"Wrestling Men's Lightweight, Freestyle",No medal,Wrestling,WRF,False,True
Raoul Paoli,M,France,FRA,1912,Stockholm,Wrestling,"Wrestling Men's Heavyweight, Greco-Roman",No medal,Wrestling,WRF,False,True
Paul Parisel,M,France,FRA,1924,Paris,Wrestling,"Wrestling Men's Lightweight, Greco-Roman",No medal,Wrestling,WRF,True,True
Paul Parisel,M,France,FRA,1928,Amsterdam,Wrestling,"Wrestling Men's Lightweight, Greco-Roman",No medal,Wrestling,WRF,True,False
douard Pigeot,M,France,FRA,1936,Berlin,Wrestling,"Wrestling Men's Middleweight, Greco-Roman",No medal,Wrestling,WRF,False,True
mile Poilv,M,France,FRA,1928,Amsterdam,Wrestling,"Wrestling Men's Middleweight, Greco-Roman",No medal,Wrestling,WRF,True,True
mile Poilv,M,France,FRA,1932,Los Angeles,Wrestling,"Wrestling Men's Middleweight, Greco-Roman",No medal,Wrestling,WRF,True,False
mile Poilv,M,France,FRA,1932,Los Angeles,Wrestling,"Wrestling Men's Middleweight, Freestyle",No medal,Wrestling,WRF,True,False
mile Poilv,M,France,FRA,1936,Berlin,Wrestling,"Wrestling Men's Middleweight, Freestyle",Gold,Wrestling,WRF,True,False
Jacques Pourtau,M,France,FRA,1960,Roma,Wrestling,"Wrestling Men's Lightweight, Greco-Roman",No medal,Wrestling,WRF,False,True
mile Pouvroux,M,France,FRA,1924,Paris,Wrestling,"Wrestling Men's Lightweight, Freestyle",No medal,Wrestling,WRF,False,True
Henri Prunier,M,France,FRA,1920,Antwerpen,Wrestling,"Wrestling Men's Middleweight, Greco-Roman",No medal,Wrestling,WRF,False,True
Yvon Riemer,M,France,FRA,1992,Barcelona,Wrestling,"Wrestling Men's Welterweight, Greco-Roman",No medal,Wrestling,WRF,True,True
Yvon Riemer,M,France,FRA,2000,Sydney,Wrestling,"Wrestling Men's Middleweight, Greco-Roman",No medal,Wrestling,WRF,True,False
Serge Robert,M,France,FRA,1988,Seoul,Wrestling,"Wrestling Men's Flyweight, Greco-Roman",No medal,Wrestling,WRF,True,True
Serge Robert,M,France,FRA,1992,Barcelona,Wrestling,"Wrestling Men's Flyweight, Greco-Roman",No medal,Wrestling,WRF,True,False
Daniel Robin,M,France,FRA,1968,Mexico City,Wrestling,"Wrestling Men's Welterweight, Greco-Roman",Silver,Wrestling,WRF,True,True
Daniel Robin,M,France,FRA,1968,Mexico City,Wrestling,"Wrestling Men's Welterweight, Freestyle",Silver,Wrestling,WRF,True,True
Daniel Robin,M,France,FRA,1972,Munich,Wrestling,"Wrestling Men's Welterweight, Greco-Roman",No medal,Wrestling,WRF,True,False
Daniel Robin,M,France,FRA,1972,Munich,Wrestling,"Wrestling Men's Welterweight, Freestyle",No medal,Wrestling,WRF,True,False
Maurice Rohon,M,France,FRA,1920,Antwerpen,Wrestling,"Wrestling Men's Lightweight, Greco-Roman",No medal,Wrestling,WRF,False,True
Ren Rottenfluc,M,France,FRA,1924,Paris,Wrestling,"Wrestling Men's Featherweight, Greco-Roman",No medal,Wrestling,WRF,True,True
Ren Rottenfluc,M,France,FRA,1928,Amsterdam,Wrestling,"Wrestling Men's Featherweight, Freestyle",No medal,Wrestling,WRF,True,False
Michel Rozan,M,France,FRA,1928,Amsterdam,Wrestling,"Wrestling Men's Bantamweight, Freestyle",No medal,Wrestling,WRF,False,True
Grard Sartoro,M,France,FRA,1984,Los Angeles,Wrestling,"Wrestling Men's Featherweight, Freestyle",No medal,Wrestling,WRF,True,True
Grard Sartoro,M,France,FRA,1988,Seoul,Wrestling,"Wrestling Men's Lightweight, Freestyle",No medal,Wrestling,WRF,True,False
Grard Sartoro,M,France,FRA,1992,Barcelona,Wrestling,"Wrestling Men's Lightweight, Freestyle",No medal,Wrestling,WRF,True,False
Ren Schiermeyer,M,France,FRA,1960,Roma,Wrestling,"Wrestling Men's Welterweight, Greco-Roman",Bronze,Wrestling,WRF,True,True
Ren Schiermeyer,M,France,FRA,1964,Tokyo,Wrestling,"Wrestling Men's Welterweight, Greco-Roman",No medal,Wrestling,WRF,True,False
Marcel Sigiran,M,France,FRA,1952,Helsinki,Wrestling,"Wrestling Men's Flyweight, Freestyle",No medal,Wrestling,WRF,False,True
Yannick Szczepaniak,M,France,FRA,2004,Athina,Wrestling,"Wrestling Men's Super-Heavyweight, Greco-Roman",No medal,Wrestling,WRF,True,True
Yannick Szczepaniak,M,France,FRA,2008,Beijing,Wrestling,"Wrestling Men's Super-Heavyweight, Greco-Roman",No medal,Wrestling,WRF,True,False
Thodule Toulotte,M,France,FRA,1972,Munich,Wrestling,"Wrestling Men's Featherweight, Greco-Roman",No medal,Wrestling,WRF,True,True
Thodule Toulotte,M,France,FRA,1972,Munich,Wrestling,"Wrestling Men's Featherweight, Freestyle",No medal,Wrestling,WRF,True,True
Thodule Toulotte,M,France,FRA,1976,Montreal,Wrestling,"Wrestling Men's Featherweight, Freestyle",No medal,Wrestling,WRF,True,False
Raymond Uytterhaeghe,M,France,FRA,1968,Mexico City,Wrestling,"Wrestling Men's Heavyweight, Greco-Roman",No medal,Wrestling,WRF,True,True
Raymond Uytterhaeghe,M,France,FRA,1968,Mexico City,Wrestling,"Wrestling Men's Heavyweight, Freestyle",No medal,Wrestling,WRF,True,True
Andr Verdaine,M,France,FRA,1952,Helsinki,Wrestling,"Wrestling Men's Lightweight, Greco-Roman",No medal,Wrestling,WRF,False,True
Abdelghani Yalouz,M,France,FRA,1992,Barcelona,Wrestling,"Wrestling Men's Lightweight, Greco-Roman",No medal,Wrestling,WRF,True,True
Abdelghani Yalouz,M,France,FRA,1996,Atlanta,Wrestling,"Wrestling Men's Lightweight, Greco-Roman",Silver,Wrestling,WRF,True,False
Abdelghani Yalouz,M,France,FRA,2000,Sydney,Wrestling,"Wrestling Men's Welterweight, Greco-Roman",No medal,Wrestling,WRF,True,False
Andr Zoete,M,France,FRA,1956,Melbourne,Wrestling,"Wrestling Men's Flyweight, Greco-Roman",No medal,Wrestling,WRF,True,True
Andr Zoete,M,France,FRA,1956,Melbourne,Wrestling,"Wrestling Men's Flyweight, Freestyle",No medal,Wrestling,WRF,True,True
Andr Zoete,M,France,FRA,1960,Roma,Wrestling,"Wrestling Men's Flyweight, Freestyle",No medal,Wrestling,WRF,True,False
Andr Zoete,M,France,FRA,1964,Tokyo,Wrestling,"Wrestling Men's Flyweight, Freestyle",No medal,Wrestling,WRF,True,False
Mamadassa Sylla,M,France,FRA,2024,Paris,Wrestling,Men's Greco-Roman 67kg,No medal,Men's,WRF,False,True
