Athlete,Gender,Country,Country Code,Year,City,Sport,Event,Medal,Discipline,Event Code,Multiple Events,First Event
Oreste Arp,M,Italy,ITA,1912,Stockholm,Wrestling,"Wrestling Men's Middleweight B, Greco-Roman",No medal,Wrestling,WRF,False,True
Michele Azzola,M,Italy,ITA,1984,Los Angeles,Wrestling,"Wrestling Men's Light-Heavyweight, Freestyle",No medal,Wrestling,WRF,False,True
Pietro Bellotti,M,Italy,ITA,1968,Mexico City,Wrestling,"Wrestling Men's Lightweight, Greco-Roman",No medal,Wrestling,WRF,False,True
Franco Benedetti,M,Italy,ITA,1952,Helsinki,Wrestling,"Wrestling Men's Lightweight, Greco-Roman",No medal,Wrestling,WRF,True,True
Franco Benedetti,M,Italy,ITA,1960,Roma,Wrestling,"Wrestling Men's Welterweight, Greco-Roman",No medal,Wrestling,WRF,True,False
Dante Bertoli,M,Italy,ITA,1936,Berlin,Wrestling,"Wrestling Men's Bantamweight, Greco-Roman",No medal,Wrestling,WRF,False,True
Giuseppe Bognanni,M,Italy,ITA,1972,Munich,Wrestling,"Wrestling Men's Flyweight, Greco-Roman",Bronze,Wrestling,WRF,True,True
Giuseppe Bognanni,M,Italy,ITA,1976,Montreal,Wrestling,"Wrestling Men's Flyweight, Freestyle",No medal,Wrestling,WRF,True,False
Enrico Bonassin,M,Italy,ITA,1924,Paris,Wrestling,"Wrestling Men's Middleweight, Freestyle",No medal,Wrestling,WRF,True,True
Enrico Bonassin,M,Italy,ITA,1928,Amsterdam,Wrestling,"Wrestling Men's Middleweight, Greco-Roman",No medal,Wrestling,WRF,True,False
Valentino Borgia,M,Italy,ITA,1936,Berlin,Wrestling,"Wrestling Men's Featherweight, Greco-Roman",No medal,Wrestling,WRF,False,True
Adelmo Bulgarelli,M,Italy,ITA,1956,Melbourne,Wrestling,"Wrestling Men's Heavyweight, Greco-Roman",Bronze,Wrestling,WRF,True,True
Adelmo Bulgarelli,M,Italy,ITA,1960,Roma,Wrestling,"Wrestling Men's Heavyweight, Greco-Roman",No medal,Wrestling,WRF,True,False
Adelmo Bulgarelli,M,Italy,ITA,1964,Tokyo,Wrestling,"Wrestling Men's Light-Heavyweight, Greco-Roman",No medal,Wrestling,WRF,True,False
Lorenzo Calafiore,M,Italy,ITA,1972,Munich,Wrestling,"Wrestling Men's Light-Flyweight, Greco-Roman",No medal,Wrestling,WRF,False,True
Antonino Caltabiano,M,Italy,ITA,1976,Montreal,Wrestling,"Wrestling Men's Flyweight, Greco-Roman",No medal,Wrestling,WRF,True,True
Antonino Caltabiano,M,Italy,ITA,1980,Moskva,Wrestling,"Wrestling Men's Bantamweight, Greco-Roman",No medal,Wrestling,WRF,True,False
Antonino Caltabiano,M,Italy,ITA,1984,Los Angeles,Wrestling,"Wrestling Men's Bantamweight, Greco-Roman",No medal,Wrestling,WRF,True,False
Giorgio Calz,M,Italy,ITA,1920,Antwerpen,Wrestling,"Wrestling Men's Heavyweight, Greco-Roman",No medal,Wrestling,WRF,False,True
Luigi Campanella,M,Italy,ITA,1948,London,Wrestling,"Wrestling Men's Featherweight, Greco-Roman",No medal,Wrestling,WRF,False,True
Salvatore Campanella,M,Italy,ITA,1992,Barcelona,Wrestling,"Wrestling Men's Light-Heavyweight, Greco-Roman",No medal,Wrestling,WRF,False,True
Germano Caraffini,M,Italy,ITA,1960,Roma,Wrestling,"Wrestling Men's Middleweight, Freestyle",No medal,Wrestling,WRF,False,True
Zavarise Carcereri,M,Italy,ITA,1912,Stockholm,Wrestling,"Wrestling Men's Middleweight A, Greco-Roman",No medal,Wrestling,WRF,False,True
Giovanni Cardinale,M,Italy,ITA,1920,Antwerpen,Wrestling,"Wrestling Men's Light-Heavyweight, Greco-Roman",No medal,Wrestling,WRF,False,True
Fernando Cavallini,M,Italy,ITA,1924,Paris,Wrestling,"Wrestling Men's Featherweight, Freestyle",No medal,Wrestling,WRF,False,True
Dante Ceccatelli,M,Italy,ITA,1924,Paris,Wrestling,"Wrestling Men's Light-Heavyweight, Greco-Roman",No medal,Wrestling,WRF,False,True
Arvedo Cecchini,M,Italy,ITA,1952,Helsinki,Wrestling,"Wrestling Men's Welterweight, Freestyle",No medal,Wrestling,WRF,False,True
Domenico Centurioni,M,Italy,ITA,1968,Mexico City,Wrestling,"Wrestling Men's Flyweight, Greco-Roman",No medal,Wrestling,WRF,False,True
Antonio Cerroni,M,Italy,ITA,1960,Roma,Wrestling,"Wrestling Men's Light-Heavyweight, Greco-Roman",No medal,Wrestling,WRF,False,True
Frank Marquez,M,Italy,ITA,2016,Rio de Janeiro,Wrestling,"Wrestling Men's Welterweight, Freestyle",Bronze,Wrestling,WRF,False,True
Luigi Chinazzo,M,Italy,ITA,1956,Melbourne,Wrestling,"Wrestling Men's Flyweight, Freestyle",No medal,Wrestling,WRF,True,True
Luigi Chinazzo,M,Italy,ITA,1960,Roma,Wrestling,"Wrestling Men's Bantamweight, Freestyle",No medal,Wrestling,WRF,True,False
Mariano Ciai,M,Italy,ITA,1912,Stockholm,Wrestling,"Wrestling Men's Featherweight, Greco-Roman",No medal,Wrestling,WRF,False,True
Carlo Corsanego,M,Italy,ITA,1920,Antwerpen,Wrestling,"Wrestling Men's Middleweight, Greco-Roman",No medal,Wrestling,WRF,False,True
Francesco Costantino,M,Italy,ITA,1996,Atlanta,Wrestling,"Wrestling Men's Light-Flyweight, Greco-Roman",No medal,Wrestling,WRF,False,True
Alessandro Covre,M,Italy,ITA,1912,Stockholm,Wrestling,"Wrestling Men's Lightweight, Greco-Roman",No medal,Wrestling,WRF,False,True
Giordano Giorgi,M,Italy,ITA,1952,Helsinki,Wrestling,"Wrestling Men's Flyweight, Freestyle",No medal,Wrestling,WRF,False,True
Roberto Marchi,M,Italy,ITA,1924,Paris,Wrestling,"Wrestling Men's Lightweight, Greco-Roman",No medal,Wrestling,WRF,False,True
Mario Silva,M,Italy,ITA,1960,Roma,Wrestling,"Wrestling Men's Lightweight, Greco-Roman",No medal,Wrestling,WRF,False,True
Gaetano Vescovi,M,Italy,ITA,1960,Roma,Wrestling,"Wrestling Men's Welterweight, Freestyle",No medal,Wrestling,WRF,True,True
Gaetano Vescovi,M,Italy,ITA,1964,Tokyo,Wrestling,"Wrestling Men's Welterweight, Freestyle",No medal,Wrestling,WRF,True,False
Fabio Genovese,M,Italy,ITA,1924,Paris,Wrestling,"Wrestling Men's Light-Heavyweight, Freestyle",No medal,Wrestling,WRF,False,True
Aleardo Donati,M,Italy,ITA,1924,Paris,Wrestling,"Wrestling Men's Heavyweight, Greco-Roman",No medal,Wrestling,WRF,True,True
Aleardo Donati,M,Italy,ITA,1928,Amsterdam,Wrestling,"Wrestling Men's Heavyweight, Greco-Roman",No medal,Wrestling,WRF,True,False
Aleardo Donati,M,Italy,ITA,1932,Los Angeles,Wrestling,"Wrestling Men's Heavyweight, Greco-Roman",No medal,Wrestling,WRF,True,False
Aleardo Donati,M,Italy,ITA,1936,Berlin,Wrestling,"Wrestling Men's Heavyweight, Greco-Roman",No medal,Wrestling,WRF,True,False
Ignazio Fabra,M,Italy,ITA,1952,Helsinki,Wrestling,"Wrestling Men's Flyweight, Greco-Roman",Silver,Wrestling,WRF,True,True
Ignazio Fabra,M,Italy,ITA,1956,Melbourne,Wrestling,"Wrestling Men's Flyweight, Greco-Roman",Silver,Wrestling,WRF,True,False
Ignazio Fabra,M,Italy,ITA,1960,Roma,Wrestling,"Wrestling Men's Flyweight, Greco-Roman",No medal,Wrestling,WRF,True,False
Ignazio Fabra,M,Italy,ITA,1964,Tokyo,Wrestling,"Wrestling Men's Flyweight, Greco-Roman",No medal,Wrestling,WRF,True,False
Guido Fantoni,M,Italy,ITA,1948,London,Wrestling,"Wrestling Men's Heavyweight, Greco-Roman",Bronze,Wrestling,WRF,True,True
Guido Fantoni,M,Italy,ITA,1952,Helsinki,Wrestling,"Wrestling Men's Heavyweight, Greco-Roman",No medal,Wrestling,WRF,True,False
Osvaldo Ferrari,M,Italy,ITA,1968,Mexico City,Wrestling,"Wrestling Men's Welterweight, Freestyle",No medal,Wrestling,WRF,False,True
Paolo Fucile,M,Italy,ITA,2004,Athina,Wrestling,"Wrestling Men's Lightweight, Greco-Roman",No medal,Wrestling,WRF,False,True
Ercole Gallegati,M,Italy,ITA,1932,Los Angeles,Wrestling,"Wrestling Men's Welterweight, Greco-Roman",Bronze,Wrestling,WRF,True,True
Ercole Gallegati,M,Italy,ITA,1936,Berlin,Wrestling,"Wrestling Men's Middleweight, Greco-Roman",No medal,Wrestling,WRF,True,False
Ercole Gallegati,M,Italy,ITA,1936,Berlin,Wrestling,"Wrestling Men's Middleweight, Freestyle",No medal,Wrestling,WRF,True,False
Ercole Gallegati,M,Italy,ITA,1948,London,Wrestling,"Wrestling Men's Middleweight, Greco-Roman",Bronze,Wrestling,WRF,True,False
Ercole Gallegati,M,Italy,ITA,1952,Helsinki,Wrestling,"Wrestling Men's Middleweight, Greco-Roman",No medal,Wrestling,WRF,True,False
Renato Gardini,M,Italy,ITA,1912,Stockholm,Wrestling,"Wrestling Men's Middleweight B, Greco-Roman",No medal,Wrestling,WRF,False,True
Amedeo Gargano,M,Italy,ITA,1912,Stockholm,Wrestling,"Wrestling Men's Middleweight A, Greco-Roman",No medal,Wrestling,WRF,True,True
Amedeo Gargano,M,Italy,ITA,1924,Paris,Wrestling,"Wrestling Men's Middleweight, Greco-Roman",No medal,Wrestling,WRF,True,False
Marco Gavelli,M,Italy,ITA,1936,Berlin,Wrestling,"Wrestling Men's Featherweight, Freestyle",No medal,Wrestling,WRF,True,True
Marco Gavelli,M,Italy,ITA,1948,London,Wrestling,"Wrestling Men's Featherweight, Freestyle",No medal,Wrestling,WRF,True,False
Angelo Gelsomini,M,Italy,ITA,1960,Roma,Wrestling,"Wrestling Men's Featherweight, Freestyle",No medal,Wrestling,WRF,False,True
Giacomo Gesino,M,Italy,ITA,1948,London,Wrestling,"Wrestling Men's Lightweight, Greco-Roman",No medal,Wrestling,WRF,False,True
Domenico Giuffrida,M,Italy,ITA,1976,Montreal,Wrestling,"Wrestling Men's Featherweight, Greco-Roman",No medal,Wrestling,WRF,False,True
Giuseppe Giunta,M,Italy,ITA,1996,Atlanta,Wrestling,"Wrestling Men's Heavyweight, Greco-Roman",No medal,Wrestling,WRF,True,True
Giuseppe Giunta,M,Italy,ITA,2000,Sydney,Wrestling,"Wrestling Men's Super-Heavyweight, Greco-Roman",No medal,Wrestling,WRF,True,False
Mario Giuria,M,Italy,ITA,1924,Paris,Wrestling,"Wrestling Men's Heavyweight, Greco-Roman",No medal,Wrestling,WRF,False,True
Giuseppe Gorletti,M,Italy,ITA,1920,Antwerpen,Wrestling,"Wrestling Men's Middleweight, Greco-Roman",No medal,Wrestling,WRF,True,True
Giuseppe Gorletti,M,Italy,ITA,1924,Paris,Wrestling,"Wrestling Men's Middleweight, Greco-Roman",No medal,Wrestling,WRF,True,False
Giovanni Gozzi,M,Italy,ITA,1924,Paris,Wrestling,"Wrestling Men's Bantamweight, Greco-Roman",No medal,Wrestling,WRF,True,True
Giovanni Gozzi,M,Italy,ITA,1928,Amsterdam,Wrestling,"Wrestling Men's Bantamweight, Greco-Roman",Bronze,Wrestling,WRF,True,False
Giovanni Gozzi,M,Italy,ITA,1932,Los Angeles,Wrestling,"Wrestling Men's Featherweight, Greco-Roman",Gold,Wrestling,WRF,True,False
Gilberto Gramellini,M,Italy,ITA,1960,Roma,Wrestling,"Wrestling Men's Bantamweight, Greco-Roman",No medal,Wrestling,WRF,False,True
Vincenzo Grassi,M,Italy,ITA,1964,Tokyo,Wrestling,"Wrestling Men's Flyweight, Freestyle",No medal,Wrestling,WRF,True,True
Vincenzo Grassi,M,Italy,ITA,1968,Mexico City,Wrestling,"Wrestling Men's Flyweight, Freestyle",No medal,Wrestling,WRF,True,False
Vincenzo Grassi,M,Italy,ITA,1972,Munich,Wrestling,"Wrestling Men's Flyweight, Freestyle",No medal,Wrestling,WRF,True,False
Mario Gruppioni,M,Italy,ITA,1932,Los Angeles,Wrestling,"Wrestling Men's Light-Heavyweight, Greco-Roman",Bronze,Wrestling,WRF,False,True
Antonio Bruna,M,Italy,ITA,1980,Moskva,Wrestling,"Wrestling Men's Bantamweight, Freestyle",No medal,Wrestling,WRF,True,True
Antonio Bruna,M,Italy,ITA,1984,Los Angeles,Wrestling,"Wrestling Men's Featherweight, Freestyle",No medal,Wrestling,WRF,True,False
Antonio Penna,M,Italy,ITA,1980,Moskva,Wrestling,"Wrestling Men's Super-Heavyweight, Greco-Roman",No medal,Wrestling,WRF,True,True
Antonio Penna,M,Italy,ITA,1984,Los Angeles,Wrestling,"Wrestling Men's Super-Heavyweight, Greco-Roman",No medal,Wrestling,WRF,True,False
Adalberto Lepri,M,Italy,ITA,1952,Helsinki,Wrestling,"Wrestling Men's Middleweight, Freestyle",No medal,Wrestling,WRF,False,True
Michele Liuzzi,M,Italy,ITA,1996,Atlanta,Wrestling,"Wrestling Men's Bantamweight, Freestyle",No medal,Wrestling,WRF,False,True
Pietro Lombardi,M,Italy,ITA,1948,London,Wrestling,"Wrestling Men's Flyweight, Greco-Roman",Gold,Wrestling,WRF,True,True
Pietro Lombardi,M,Italy,ITA,1952,Helsinki,Wrestling,"Wrestling Men's Bantamweight, Greco-Roman",No medal,Wrestling,WRF,True,False
Renato Lombardo,M,Italy,ITA,1992,Barcelona,Wrestling,"Wrestling Men's Light-Heavyweight, Freestyle",No medal,Wrestling,WRF,False,True
Vincenzo Maenza,M,Italy,ITA,1980,Moskva,Wrestling,"Wrestling Men's Light-Flyweight, Greco-Roman",No medal,Wrestling,WRF,True,True
Vincenzo Maenza,M,Italy,ITA,1984,Los Angeles,Wrestling,"Wrestling Men's Light-Flyweight, Greco-Roman",Gold,Wrestling,WRF,True,False
Vincenzo Maenza,M,Italy,ITA,1988,Seoul,Wrestling,"Wrestling Men's Light-Flyweight, Greco-Roman",Gold,Wrestling,WRF,True,False
Vincenzo Maenza,M,Italy,ITA,1992,Barcelona,Wrestling,"Wrestling Men's Light-Flyweight, Greco-Roman",Silver,Wrestling,WRF,True,False
Marziano Magnani,M,Italy,ITA,1960,Roma,Wrestling,"Wrestling Men's Middleweight, Greco-Roman",No medal,Wrestling,WRF,False,True
Riccardo Magni,M,Italy,ITA,2000,Sydney,Wrestling,"Wrestling Men's Lightweight, Greco-Roman",No medal,Wrestling,WRF,False,True
Pietro Marascalchi,M,Italy,ITA,1960,Roma,Wrestling,"Wrestling Men's Heavyweight, Freestyle",No medal,Wrestling,WRF,False,True
Umberto Marcheggiani,M,Italy,ITA,1968,Mexico City,Wrestling,"Wrestling Men's Middleweight, Freestyle",No medal,Wrestling,WRF,True,True
Umberto Marcheggiani,M,Italy,ITA,1972,Munich,Wrestling,"Wrestling Men's Light-Heavyweight, Freestyle",No medal,Wrestling,WRF,True,False
Antonio Marcucci,M,Italy,ITA,1960,Roma,Wrestling,"Wrestling Men's Light-Heavyweight, Freestyle",No medal,Wrestling,WRF,False,True
Francesco Miano-petta,M,Italy,ITA,2004,Athina,Wrestling,"Wrestling Men's Super-Heavyweight, Freestyle",No medal,Wrestling,WRF,False,True
Andrea Minguzzi,M,Italy,ITA,2004,Athina,Wrestling,"Wrestling Men's Light-Heavyweight, Greco-Roman",No medal,Wrestling,WRF,True,True
Andrea Minguzzi,M,Italy,ITA,2008,Beijing,Wrestling,"Wrestling Men's Light-Heavyweight, Greco-Roman",Gold,Wrestling,WRF,True,False
Alberto Molfino,M,Italy,ITA,1936,Berlin,Wrestling,"Wrestling Men's Lightweight, Greco-Roman",No medal,Wrestling,WRF,False,True
Riccardo Niccolini,M,Italy,ITA,1980,Moskva,Wrestling,"Wrestling Men's Welterweight, Freestyle",No medal,Wrestling,WRF,False,True
Garibaldo Jr.,M,Italy,ITA,1948,London,Wrestling,"Wrestling Men's Lightweight, Freestyle",No medal,Wrestling,WRF,True,True
Garibaldo Jr.,M,Italy,ITA,1952,Helsinki,Wrestling,"Wrestling Men's Lightweight, Freestyle",No medal,Wrestling,WRF,True,False
Garibaldo Jr.,M,Italy,ITA,1956,Melbourne,Wrestling,"Wrestling Men's Lightweight, Freestyle",No medal,Wrestling,WRF,True,False
Garibaldo Jr.,M,Italy,ITA,1960,Roma,Wrestling,"Wrestling Men's Lightweight, Freestyle",No medal,Wrestling,WRF,True,False
Marcello Sr.,M,Italy,ITA,1932,Los Angeles,Wrestling,"Wrestling Men's Bantamweight, Greco-Roman",Silver,Wrestling,WRF,True,True
Marcello Sr.,M,Italy,ITA,1936,Berlin,Wrestling,"Wrestling Men's Bantamweight, Freestyle",No medal,Wrestling,WRF,True,False
Luciano Ortelli,M,Italy,ITA,1984,Los Angeles,Wrestling,"Wrestling Men's Middleweight, Freestyle",No medal,Wrestling,WRF,False,True
Riccardo Pizzocaro,M,Italy,ITA,1924,Paris,Wrestling,"Wrestling Men's Lightweight, Freestyle",No medal,Wrestling,WRF,False,True
Claudio Pollio,M,Italy,ITA,1976,Montreal,Wrestling,"Wrestling Men's Light-Flyweight, Freestyle",No medal,Wrestling,WRF,True,True
Claudio Pollio,M,Italy,ITA,1980,Moskva,Wrestling,"Wrestling Men's Light-Flyweight, Freestyle",Gold,Wrestling,WRF,True,False
Carlo Ponte,M,Italy,ITA,1924,Paris,Wrestling,"Wrestling Men's Bantamweight, Greco-Roman",No medal,Wrestling,WRF,False,True
Enrico Porro,M,Italy,ITA,1908,London,Wrestling,"Wrestling Men's Lightweight, Greco-Roman",Gold,Wrestling,WRF,True,True
Enrico Porro,M,Italy,ITA,1920,Antwerpen,Wrestling,"Wrestling Men's Featherweight, Greco-Roman",No medal,Wrestling,WRF,True,False
Enrico Porro,M,Italy,ITA,1924,Paris,Wrestling,"Wrestling Men's Featherweight, Greco-Roman",No medal,Wrestling,WRF,True,False
Piero Postini,M,Italy,ITA,1928,Amsterdam,Wrestling,"Wrestling Men's Lightweight, Greco-Roman",No medal,Wrestling,WRF,False,True
Gerolamo Quaglia,M,Italy,ITA,1924,Paris,Wrestling,"Wrestling Men's Featherweight, Greco-Roman",No medal,Wrestling,WRF,True,True
Gerolamo Quaglia,M,Italy,ITA,1928,Amsterdam,Wrestling,"Wrestling Men's Featherweight, Greco-Roman",Bronze,Wrestling,WRF,True,False
Antonio Quistelli,M,Italy,ITA,1976,Montreal,Wrestling,"Wrestling Men's Light-Flyweight, Greco-Roman",No medal,Wrestling,WRF,False,True
Antonio Randi,M,Italy,ITA,1952,Helsinki,Wrestling,"Wrestling Men's Featherweight, Freestyle",No medal,Wrestling,WRF,False,True
Walter Ranghieri,M,Italy,ITA,1920,Antwerpen,Wrestling,"Wrestling Men's Lightweight, Greco-Roman",No medal,Wrestling,WRF,True,True
Walter Ranghieri,M,Italy,ITA,1924,Paris,Wrestling,"Wrestling Men's Lightweight, Greco-Roman",No medal,Wrestling,WRF,True,False
Gian Ranzi,M,Italy,ITA,1972,Munich,Wrestling,"Wrestling Men's Lightweight, Greco-Roman",Bronze,Wrestling,WRF,True,True
Gian Ranzi,M,Italy,ITA,1976,Montreal,Wrestling,"Wrestling Men's Lightweight, Greco-Roman",No medal,Wrestling,WRF,True,False
Ernesto Razzino,M,Italy,ITA,1984,Los Angeles,Wrestling,"Wrestling Men's Middleweight, Greco-Roman",No medal,Wrestling,WRF,True,True
Ernesto Razzino,M,Italy,ITA,1988,Seoul,Wrestling,"Wrestling Men's Middleweight, Greco-Roman",No medal,Wrestling,WRF,True,False
Ernesto Razzino,M,Italy,ITA,1992,Barcelona,Wrestling,"Wrestling Men's Middleweight, Greco-Roman",No medal,Wrestling,WRF,True,False
Luigi Rigamonti,M,Italy,ITA,1948,London,Wrestling,"Wrestling Men's Welterweight, Greco-Roman",No medal,Wrestling,WRF,False,True
Salvatore Rinella,M,Italy,ITA,2004,Athina,Wrestling,"Wrestling Men's Middleweight, Freestyle",No medal,Wrestling,WRF,False,True
Osvaldo Riva,M,Italy,ITA,1952,Helsinki,Wrestling,"Wrestling Men's Welterweight, Greco-Roman",No medal,Wrestling,WRF,False,True
Paride Romagnoli,M,Italy,ITA,1936,Berlin,Wrestling,"Wrestling Men's Lightweight, Freestyle",No medal,Wrestling,WRF,False,True
Giovanni Schillaci,M,Italy,ITA,1988,Seoul,Wrestling,"Wrestling Men's Featherweight, Freestyle",No medal,Wrestling,WRF,True,True
Giovanni Schillaci,M,Italy,ITA,1992,Barcelona,Wrestling,"Wrestling Men's Featherweight, Freestyle",No medal,Wrestling,WRF,True,False
Giovanni Schillaci,M,Italy,ITA,1996,Atlanta,Wrestling,"Wrestling Men's Featherweight, Freestyle",No medal,Wrestling,WRF,True,False
Francesco Scuderi,M,Italy,ITA,1972,Munich,Wrestling,"Wrestling Men's Bantamweight, Greco-Roman",No medal,Wrestling,WRF,False,True
Umberto Silvestri,M,Italy,ITA,1936,Berlin,Wrestling,"Wrestling Men's Light-Heavyweight, Greco-Roman",No medal,Wrestling,WRF,True,True
Umberto Silvestri,M,Italy,ITA,1948,London,Wrestling,"Wrestling Men's Light-Heavyweight, Greco-Roman",No medal,Wrestling,WRF,True,False
Umberto Silvestri,M,Italy,ITA,1952,Helsinki,Wrestling,"Wrestling Men's Light-Heavyweight, Greco-Roman",No medal,Wrestling,WRF,True,False
Giuseppe Spagnoli,M,Italy,ITA,1976,Montreal,Wrestling,"Wrestling Men's Welterweight, Freestyle",No medal,Wrestling,WRF,False,True
Francesco Suppo,M,Italy,ITA,1948,London,Wrestling,"Wrestling Men's Bantamweight, Greco-Roman",No medal,Wrestling,WRF,False,True
Julio Tamussin,M,Italy,ITA,1972,Munich,Wrestling,"Wrestling Men's Heavyweight, Freestyle",No medal,Wrestling,WRF,False,True
Bruto Testoni,M,Italy,ITA,1920,Antwerpen,Wrestling,"Wrestling Men's Light-Heavyweight, Greco-Roman",No medal,Wrestling,WRF,True,True
Bruto Testoni,M,Italy,ITA,1924,Paris,Wrestling,"Wrestling Men's Light-Heavyweight, Greco-Roman",No medal,Wrestling,WRF,True,False
Daigoro Timoncini,M,Italy,ITA,2008,Beijing,Wrestling,"Wrestling Men's Heavyweight, Greco-Roman",No medal,Wrestling,WRF,True,True
Daigoro Timoncini,M,Italy,ITA,2012,London,Wrestling,"Wrestling Men's Heavyweight, Greco-Roman",No medal,Wrestling,WRF,True,False
Daigoro Timoncini,M,Italy,ITA,2016,Rio de Janeiro,Wrestling,"Wrestling Men's Heavyweight, Greco-Roman",No medal,Wrestling,WRF,True,False
Michele Toma,M,Italy,ITA,1964,Tokyo,Wrestling,"Wrestling Men's Bantamweight, Greco-Roman",No medal,Wrestling,WRF,False,True
Pietro Tordera,M,Italy,ITA,1924,Paris,Wrestling,"Wrestling Men's Bantamweight, Freestyle",No medal,Wrestling,WRF,False,True
Silvio Tozzi,M,Italy,ITA,1932,Los Angeles,Wrestling,"Wrestling Men's Lightweight, Greco-Roman",No medal,Wrestling,WRF,True,True
Silvio Tozzi,M,Italy,ITA,1936,Berlin,Wrestling,"Wrestling Men's Welterweight, Greco-Roman",No medal,Wrestling,WRF,True,False
Umberto Trippa,M,Italy,ITA,1952,Helsinki,Wrestling,"Wrestling Men's Featherweight, Greco-Roman",No medal,Wrestling,WRF,True,True
Umberto Trippa,M,Italy,ITA,1956,Melbourne,Wrestling,"Wrestling Men's Featherweight, Greco-Roman",No medal,Wrestling,WRF,True,False
Umberto Trippa,M,Italy,ITA,1960,Roma,Wrestling,"Wrestling Men's Featherweight, Greco-Roman",No medal,Wrestling,WRF,True,False
Piero Vaglio,M,Italy,ITA,1920,Antwerpen,Wrestling,"Wrestling Men's Featherweight, Greco-Roman",No medal,Wrestling,WRF,False,True
Fabio Valguarnera,M,Italy,ITA,1988,Seoul,Wrestling,"Wrestling Men's Super-Heavyweight, Greco-Roman",No medal,Wrestling,WRF,False,True
Natale Vecchi,M,Italy,ITA,1952,Helsinki,Wrestling,"Wrestling Men's Heavyweight, Freestyle",No medal,Wrestling,WRF,False,True
Oscar Verona,M,Italy,ITA,1948,London,Wrestling,"Wrestling Men's Light-Heavyweight, Freestyle",No medal,Wrestling,WRF,False,True
Carlo Vitrano,M,Italy,ITA,1960,Roma,Wrestling,"Wrestling Men's Flyweight, Freestyle",No medal,Wrestling,WRF,False,True
Giuseppe Vitucci,M,Italy,ITA,1976,Montreal,Wrestling,"Wrestling Men's Middleweight, Greco-Roman",No medal,Wrestling,WRF,False,True
Frank Chamizo,M,Italy,ITA,2020,Tokyo,Wrestling,Men's Freestyle 74kg,No medal,Men's,WRF,True,True
Jesus Conyedo,M,Italy,ITA,2020,Tokyo,Wrestling,Men's Freestyle 97kg,Bronze,Men's,WRF,False,True
Frank Chamizo,M,Italy,ITA,2024,Paris,Wrestling,Men's Freestyle 74kg,No medal,Men's,WRF,True,False
