Athlete,Gender,Country,Country Code,Year,City,Sport,Event,Medal,Discipline,Event Code,Multiple Events,First Event
John Alstrom,M,United States,USA,1968,Mexico City,Volleyball,Volleyball Men's Volleyball,No medal,Volleyball,VVO,False,True
Matthew Anderson,M,United States,USA,2012,London,Volleyball,Volleyball Men's Volleyball,No medal,Volleyball,VVO,True,True
Matthew Anderson,M,United States,USA,2016,Rio de Janeiro,Volleyball,Volleyball Men's Volleyball,Bronze,Volleyball,VVO,True,False
Lloy Ball,M,United States,USA,1996,Atlanta,Volleyball,Volleyball Men's Volleyball,No medal,Volleyball,VVO,True,True
Lloy Ball,M,United States,USA,2000,Sydney,Volleyball,Volleyball Men's Volleyball,No medal,Volleyball,VVO,True,False
Lloy Ball,M,United States,USA,2004,Athina,Volleyball,Volleyball Men's Volleyball,No medal,Volleyball,VVO,True,False
Lloy Ball,M,United States,USA,2008,Beijing,Volleyball,Volleyball Men's Volleyball,Gold,Volleyball,VVO,True,False
Kevin Barnett,M,United States,USA,2000,Sydney,Volleyball,Volleyball Men's Volleyball,No medal,Volleyball,VVO,True,True
Kevin Barnett,M,United States,USA,2004,Athina,Volleyball,Volleyball Men's Volleyball,No medal,Volleyball,VVO,True,False
Nick Becker,M,United States,USA,1992,Barcelona,Volleyball,Volleyball Men's Volleyball,Bronze,Volleyball,VVO,False,True
Aldis Berzins,M,United States,USA,1984,Los Angeles,Volleyball,Volleyball Men's Volleyball,Gold,Volleyball,VVO,False,True
Brook Billings,M,United States,USA,2004,Athina,Volleyball,Volleyball Men's Volleyball,No medal,Volleyball,VVO,False,True
Carlos Briceno,M,United States,USA,1992,Barcelona,Volleyball,Volleyball Men's Volleyball,Bronze,Volleyball,VVO,False,True
David Bright,M,United States,USA,1964,Tokyo,Volleyball,Volleyball Men's Volleyball,No medal,Volleyball,VVO,True,True
David Bright,M,United States,USA,1968,Mexico City,Volleyball,Volleyball Men's Volleyball,No medal,Volleyball,VVO,True,False
Barry Brown,M,United States,USA,1964,Tokyo,Volleyball,Volleyball Men's Volleyball,No medal,Volleyball,VVO,False,True
Craig Buck,M,United States,USA,1984,Los Angeles,Volleyball,Volleyball Men's Volleyball,Gold,Volleyball,VVO,True,True
Craig Buck,M,United States,USA,1988,Seoul,Volleyball,Volleyball Men's Volleyball,Gold,Volleyball,VVO,True,False
Micah Christenson,M,United States,USA,2016,Rio de Janeiro,Volleyball,Volleyball Men's Volleyball,Bronze,Volleyball,VVO,True,True
Robert Ctvrtlik,M,United States,USA,1988,Seoul,Volleyball,Volleyball Men's Volleyball,Gold,Volleyball,VVO,True,True
Robert Ctvrtlik,M,United States,USA,1992,Barcelona,Volleyball,Volleyball Men's Volleyball,Bronze,Volleyball,VVO,True,False
Robert Ctvrtlik,M,United States,USA,1996,Atlanta,Volleyball,Volleyball Men's Volleyball,No medal,Volleyball,VVO,True,False
Winthrop Jr.,M,United States,USA,1968,Mexico City,Volleyball,Volleyball Men's Volleyball,No medal,Volleyball,VVO,False,True
Horrace Duke,M,United States,USA,1968,Mexico City,Volleyball,Volleyball Men's Volleyball,No medal,Volleyball,VVO,False,True
Richard Duwelius,M,United States,USA,1984,Los Angeles,Volleyball,Volleyball Men's Volleyball,Gold,Volleyball,VVO,False,True
Douglas Dvorak,M,United States,USA,1984,Los Angeles,Volleyball,Volleyball Men's Volleyball,Gold,Volleyball,VVO,False,True
Phillip Eatherton,M,United States,USA,2004,Athina,Volleyball,Volleyball Men's Volleyball,No medal,Volleyball,VVO,False,True
Keith Erickson,M,United States,USA,1964,Tokyo,Volleyball,Volleyball Men's Volleyball,No medal,Volleyball,VVO,False,True
Scott Fortune,M,United States,USA,1988,Seoul,Volleyball,Volleyball Men's Volleyball,Gold,Volleyball,VVO,True,True
Scott Fortune,M,United States,USA,1992,Barcelona,Volleyball,Volleyball Men's Volleyball,Bronze,Volleyball,VVO,True,False
Scott Fortune,M,United States,USA,1996,Atlanta,Volleyball,Volleyball Men's Volleyball,No medal,Volleyball,VVO,True,False
Gabriel Gardner,M,United States,USA,2004,Athina,Volleyball,Volleyball Men's Volleyball,No medal,Volleyball,VVO,True,True
Gabriel Gardner,M,United States,USA,2008,Beijing,Volleyball,Volleyball Men's Volleyball,Gold,Volleyball,VVO,True,False
Daniel Greenbaum,M,United States,USA,1992,Barcelona,Volleyball,Volleyball Men's Volleyball,Bronze,Volleyball,VVO,False,True
William Griebenow,M,United States,USA,1964,Tokyo,Volleyball,Volleyball Men's Volleyball,No medal,Volleyball,VVO,False,True
Thomas Haine,M,United States,USA,1968,Mexico City,Volleyball,Volleyball Men's Volleyball,No medal,Volleyball,VVO,False,True
Richard Hammer,M,United States,USA,1964,Tokyo,Volleyball,Volleyball Men's Volleyball,No medal,Volleyball,VVO,False,True
Kevin Hansen,M,United States,USA,2008,Beijing,Volleyball,Volleyball Men's Volleyball,Gold,Volleyball,VVO,False,True
John Henn,M,United States,USA,1968,Mexico City,Volleyball,Volleyball Men's Volleyball,No medal,Volleyball,VVO,False,True
Jacob Highland,M,United States,USA,1964,Tokyo,Volleyball,Volleyball Men's Volleyball,No medal,Volleyball,VVO,False,True
Brent Hilliard,M,United States,USA,1992,Barcelona,Volleyball,Volleyball Men's Volleyball,Bronze,Volleyball,VVO,False,True
Thomas Hoff,M,United States,USA,2000,Sydney,Volleyball,Volleyball Men's Volleyball,No medal,Volleyball,VVO,True,True
Thomas Hoff,M,United States,USA,2004,Athina,Volleyball,Volleyball Men's Volleyball,No medal,Volleyball,VVO,True,False
Thomas Hoff,M,United States,USA,2008,Beijing,Volleyball,Volleyball Men's Volleyball,Gold,Volleyball,VVO,True,False
Russell Holmes,M,United States,USA,2012,London,Volleyball,Volleyball Men's Volleyball,No medal,Volleyball,VVO,False,True
Maxwell Holt,M,United States,USA,2016,Rio de Janeiro,Volleyball,Volleyball Men's Volleyball,Bronze,Volleyball,VVO,True,True
John Hyden,M,United States,USA,1996,Atlanta,Volleyball,Volleyball Men's Volleyball,No medal,Volleyball,VVO,True,True
John Hyden,M,United States,USA,2000,Sydney,Volleyball,Volleyball Men's Volleyball,No medal,Volleyball,VVO,True,False
Bryan Ivie,M,United States,USA,1992,Barcelona,Volleyball,Volleyball Men's Volleyball,Bronze,Volleyball,VVO,True,True
Bryan Ivie,M,United States,USA,1996,Atlanta,Volleyball,Volleyball Men's Volleyball,No medal,Volleyball,VVO,True,False
Thomas Jaeschke,M,United States,USA,2016,Rio de Janeiro,Volleyball,Volleyball Men's Volleyball,Bronze,Volleyball,VVO,True,True
Charles Kiraly,M,United States,USA,1984,Los Angeles,Volleyball,Volleyball Men's Volleyball,Gold,Volleyball,VVO,True,True
Charles Kiraly,M,United States,USA,1988,Seoul,Volleyball,Volleyball Men's Volleyball,Gold,Volleyball,VVO,True,False
Michael Lambert,M,United States,USA,1996,Atlanta,Volleyball,Volleyball Men's Volleyball,No medal,Volleyball,VVO,True,True
Michael Lambert,M,United States,USA,2000,Sydney,Volleyball,Volleyball Men's Volleyball,No medal,Volleyball,VVO,True,False
Richard Lambourne,M,United States,USA,2008,Beijing,Volleyball,Volleyball Men's Volleyball,Gold,Volleyball,VVO,True,True
Richard Lambourne,M,United States,USA,2012,London,Volleyball,Volleyball Men's Volleyball,No medal,Volleyball,VVO,True,False
Daniel Landry,M,United States,USA,1996,Atlanta,Volleyball,Volleyball Men's Volleyball,No medal,Volleyball,VVO,True,True
Daniel Landry,M,United States,USA,2000,Sydney,Volleyball,Volleyball Men's Volleyball,No medal,Volleyball,VVO,True,False
Ronald Lang,M,United States,USA,1964,Tokyo,Volleyball,Volleyball Men's Volleyball,No medal,Volleyball,VVO,False,True
David Lee,M,United States,USA,2008,Beijing,Volleyball,Volleyball Men's Volleyball,Gold,Volleyball,VVO,True,True
David Lee,M,United States,USA,2012,London,Volleyball,Volleyball Men's Volleyball,No medal,Volleyball,VVO,True,False
David Lee,M,United States,USA,2016,Rio de Janeiro,Volleyball,Volleyball Men's Volleyball,Bronze,Volleyball,VVO,True,False
Paul Lotman,M,United States,USA,2012,London,Volleyball,Volleyball Men's Volleyball,No medal,Volleyball,VVO,False,True
Ricci Luyties,M,United States,USA,1988,Seoul,Volleyball,Volleyball Men's Volleyball,Gold,Volleyball,VVO,False,True
Christian Marlowe,M,United States,USA,1984,Los Angeles,Volleyball,Volleyball Men's Volleyball,Gold,Volleyball,VVO,False,True
Robert Jr.,M,United States,USA,1968,Mexico City,Volleyball,Volleyball Men's Volleyball,No medal,Volleyball,VVO,False,True
Christian Mccaw,M,United States,USA,2000,Sydney,Volleyball,Volleyball Men's Volleyball,No medal,Volleyball,VVO,False,True
David Mckienzie,M,United States,USA,2012,London,Volleyball,Volleyball Men's Volleyball,No medal,Volleyball,VVO,False,True
Ryan Millar,M,United States,USA,2000,Sydney,Volleyball,Volleyball Men's Volleyball,No medal,Volleyball,VVO,True,True
Ryan Millar,M,United States,USA,2004,Athina,Volleyball,Volleyball Men's Volleyball,No medal,Volleyball,VVO,True,False
Ryan Millar,M,United States,USA,2008,Beijing,Volleyball,Volleyball Men's Volleyball,Gold,Volleyball,VVO,True,False
Charles Nelson,M,United States,USA,1964,Tokyo,Volleyball,Volleyball Men's Volleyball,No medal,Volleyball,VVO,False,True
Jeff Nygaard,M,United States,USA,1996,Atlanta,Volleyball,Volleyball Men's Volleyball,No medal,Volleyball,VVO,True,True
Jeff Nygaard,M,United States,USA,2000,Sydney,Volleyball,Volleyball Men's Volleyball,No medal,Volleyball,VVO,True,False
Michael O'hara,M,United States,USA,1964,Tokyo,Volleyball,Volleyball Men's Volleyball,No medal,Volleyball,VVO,False,True
Robert Partie,M,United States,USA,1988,Seoul,Volleyball,Volleyball Men's Volleyball,Gold,Volleyball,VVO,True,True
Robert Partie,M,United States,USA,1992,Barcelona,Volleyball,Volleyball Men's Volleyball,Bronze,Volleyball,VVO,True,False
Daniel Patterson,M,United States,USA,1968,Mexico City,Volleyball,Volleyball Men's Volleyball,No medal,Volleyball,VVO,False,True
Patrick Powers,M,United States,USA,1984,Los Angeles,Volleyball,Volleyball Men's Volleyball,Gold,Volleyball,VVO,False,True
William Priddy,M,United States,USA,2004,Athina,Volleyball,Volleyball Men's Volleyball,No medal,Volleyball,VVO,True,True
William Priddy,M,United States,USA,2008,Beijing,Volleyball,Volleyball Men's Volleyball,Gold,Volleyball,VVO,True,False
William Priddy,M,United States,USA,2012,London,Volleyball,Volleyball Men's Volleyball,No medal,Volleyball,VVO,True,False
William Priddy,M,United States,USA,2016,Rio de Janeiro,Volleyball,Volleyball Men's Volleyball,Bronze,Volleyball,VVO,True,False
Sean Rooney,M,United States,USA,2008,Beijing,Volleyball,Volleyball Men's Volleyball,Gold,Volleyball,VVO,True,True
Sean Rooney,M,United States,USA,2012,London,Volleyball,Volleyball Men's Volleyball,No medal,Volleyball,VVO,True,False
Jonathan Root,M,United States,USA,1988,Seoul,Volleyball,Volleyball Men's Volleyball,Gold,Volleyball,VVO,False,True
George Roumain,M,United States,USA,2000,Sydney,Volleyball,Volleyball Men's Volleyball,No medal,Volleyball,VVO,False,True
Lawrence Rundle,M,United States,USA,1968,Mexico City,Volleyball,Volleyball Men's Volleyball,No medal,Volleyball,VVO,False,True
Aaron Russell,M,United States,USA,2016,Rio de Janeiro,Volleyball,Volleyball Men's Volleyball,Bronze,Volleyball,VVO,True,True
Riley Salmon,M,United States,USA,2004,Athina,Volleyball,Volleyball Men's Volleyball,No medal,Volleyball,VVO,True,True
Riley Salmon,M,United States,USA,2008,Beijing,Volleyball,Volleyball Men's Volleyball,Gold,Volleyball,VVO,True,False
Steven Salmons,M,United States,USA,1984,Los Angeles,Volleyball,Volleyball Men's Volleyball,Gold,Volleyball,VVO,False,True
Robert Samuelson,M,United States,USA,1992,Barcelona,Volleyball,Volleyball Men's Volleyball,Bronze,Volleyball,VVO,False,True
Taylor Sander,M,United States,USA,2016,Rio de Janeiro,Volleyball,Volleyball Men's Volleyball,Bronze,Volleyball,VVO,True,True
Eric Sato,M,United States,USA,1988,Seoul,Volleyball,Volleyball Men's Volleyball,Gold,Volleyball,VVO,True,True
Eric Sato,M,United States,USA,1992,Barcelona,Volleyball,Volleyball Men's Volleyball,Bronze,Volleyball,VVO,True,False
David Saunders,M,United States,USA,1984,Los Angeles,Volleyball,Volleyball Men's Volleyball,Gold,Volleyball,VVO,True,True
David Saunders,M,United States,USA,1988,Seoul,Volleyball,Volleyball Men's Volleyball,Gold,Volleyball,VVO,True,False
Erik Shoji,M,United States,USA,2016,Rio de Janeiro,Volleyball,Volleyball Men's Volleyball,Bronze,Volleyball,VVO,True,True
Kawika Shoji,M,United States,USA,2016,Rio de Janeiro,Volleyball,Volleyball Men's Volleyball,Bronze,Volleyball,VVO,True,True
David Smith,M,United States,USA,2012,London,Volleyball,Volleyball Men's Volleyball,No medal,Volleyball,VVO,True,True
David Smith,M,United States,USA,2016,Rio de Janeiro,Volleyball,Volleyball Men's Volleyball,Bronze,Volleyball,VVO,True,False
Thomas Sorensen,M,United States,USA,1996,Atlanta,Volleyball,Volleyball Men's Volleyball,No medal,Volleyball,VVO,False,True
Clayton Stanley,M,United States,USA,2004,Athina,Volleyball,Volleyball Men's Volleyball,No medal,Volleyball,VVO,True,True
Clayton Stanley,M,United States,USA,2008,Beijing,Volleyball,Volleyball Men's Volleyball,Gold,Volleyball,VVO,True,False
Clayton Stanley,M,United States,USA,2012,London,Volleyball,Volleyball Men's Volleyball,No medal,Volleyball,VVO,True,False
Jon Stanley,M,United States,USA,1968,Mexico City,Volleyball,Volleyball Men's Volleyball,No medal,Volleyball,VVO,False,True
Jeffery Stork,M,United States,USA,1988,Seoul,Volleyball,Volleyball Men's Volleyball,Gold,Volleyball,VVO,True,True
Jeffery Stork,M,United States,USA,1992,Barcelona,Volleyball,Volleyball Men's Volleyball,Bronze,Volleyball,VVO,True,False
Jeffery Stork,M,United States,USA,1996,Atlanta,Volleyball,Volleyball Men's Volleyball,No medal,Volleyball,VVO,True,False
Erik Sullivan,M,United States,USA,2000,Sydney,Volleyball,Volleyball Men's Volleyball,No medal,Volleyball,VVO,True,True
Erik Sullivan,M,United States,USA,2004,Athina,Volleyball,Volleyball Men's Volleyball,No medal,Volleyball,VVO,True,False
Paul Sunderland,M,United States,USA,1984,Los Angeles,Volleyball,Volleyball Men's Volleyball,Gold,Volleyball,VVO,False,True
Ernest Jr.,M,United States,USA,1964,Tokyo,Volleyball,Volleyball Men's Volleyball,No medal,Volleyball,VVO,False,True
Rudolph Suwara,M,United States,USA,1968,Mexico City,Volleyball,Volleyball Men's Volleyball,No medal,Volleyball,VVO,False,True
Donald Suxho,M,United States,USA,2004,Athina,Volleyball,Volleyball Men's Volleyball,No medal,Volleyball,VVO,True,True
Donald Suxho,M,United States,USA,2012,London,Volleyball,Volleyball Men's Volleyball,No medal,Volleyball,VVO,True,False
Troy Tanner,M,United States,USA,1988,Seoul,Volleyball,Volleyball Men's Volleyball,Gold,Volleyball,VVO,False,True
John Taylor,M,United States,USA,1964,Tokyo,Volleyball,Volleyball Men's Volleyball,No medal,Volleyball,VVO,False,True
Brian Thornton,M,United States,USA,2012,London,Volleyball,Volleyball Men's Volleyball,No medal,Volleyball,VVO,False,True
Steven Timmons,M,United States,USA,1984,Los Angeles,Volleyball,Volleyball Men's Volleyball,Gold,Volleyball,VVO,True,True
Steven Timmons,M,United States,USA,1988,Seoul,Volleyball,Volleyball Men's Volleyball,Gold,Volleyball,VVO,True,False
Steven Timmons,M,United States,USA,1992,Barcelona,Volleyball,Volleyball Men's Volleyball,Bronze,Volleyball,VVO,True,False
Scott Touzinsky,M,United States,USA,2008,Beijing,Volleyball,Volleyball Men's Volleyball,Gold,Volleyball,VVO,False,True
Murphy Troy,M,United States,USA,2016,Rio de Janeiro,Volleyball,Volleyball Men's Volleyball,Bronze,Volleyball,VVO,False,True
Pedro Jr.,M,United States,USA,1964,Tokyo,Volleyball,Volleyball Men's Volleyball,No medal,Volleyball,VVO,True,True
Pedro Jr.,M,United States,USA,1968,Mexico City,Volleyball,Volleyball Men's Volleyball,No medal,Volleyball,VVO,True,False
Marc Waldie,M,United States,USA,1984,Los Angeles,Volleyball,Volleyball Men's Volleyball,Gold,Volleyball,VVO,False,True
Brett Winslow,M,United States,USA,1996,Atlanta,Volleyball,Volleyball Men's Volleyball,No medal,Volleyball,VVO,False,True
Andrew Witt,M,United States,USA,2000,Sydney,Volleyball,Volleyball Men's Volleyball,No medal,Volleyball,VVO,False,True
Matthew Anderson,M,United States,USA,2020,Tokyo,Volleyball,Men Team,No medal,Men,VVO,True,False
Micah Christenson,M,United States,USA,2020,Tokyo,Volleyball,Men Team,No medal,Men,VVO,True,False
Torey Defalco,M,United States,USA,2020,Tokyo,Volleyball,Men Team,No medal,Men,VVO,True,True
Kyle Ensing,M,United States,USA,2020,Tokyo,Volleyball,Men Team,No medal,Men,VVO,True,True
Maxwell Holt,M,United States,USA,2020,Tokyo,Volleyball,Men Team,No medal,Men,VVO,True,False
Thomas Jaeschke,M,United States,USA,2020,Tokyo,Volleyball,Men Team,No medal,Men,VVO,True,False
Garrett Muagututia,M,United States,USA,2020,Tokyo,Volleyball,Men Team,No medal,Men,VVO,True,True
Taylor Sander,M,United States,USA,2020,Tokyo,Volleyball,Men Team,No medal,Men,VVO,True,False
Erik Shoji,M,United States,USA,2020,Tokyo,Volleyball,Men Team,No medal,Men,VVO,True,False
Kawika Shoji,M,United States,USA,2020,Tokyo,Volleyball,Men Team,No medal,Men,VVO,True,False
David Smith,M,United States,USA,2020,Tokyo,Volleyball,Men Team,No medal,Men,VVO,True,False
Mitchell Stahl,M,United States,USA,2020,Tokyo,Volleyball,Men Team,No medal,Men,VVO,False,True
Micah Ma'a,M,United States,USA,2024,Paris,Volleyball,Men,Bronze,Men,VVO,False,True
Matthew Anderson,M,United States,USA,2024,Paris,Volleyball,Men,Bronze,Men,VVO,True,False
Taylor Averill,M,United States,USA,2024,Paris,Volleyball,Men,Bronze,Men,VVO,False,True
Micah Christenson,M,United States,USA,2024,Paris,Volleyball,Men,Bronze,Men,VVO,True,False
Torey Defalco,M,United States,USA,2024,Paris,Volleyball,Men,Bronze,Men,VVO,True,False
Kyle Ensing,M,United States,USA,2024,Paris,Volleyball,Men,Bronze,Men,VVO,True,False
Maxwell Holt,M,United States,USA,2024,Paris,Volleyball,Men,Bronze,Men,VVO,True,False
Thomas Jaeschke,M,United States,USA,2024,Paris,Volleyball,Men,Bronze,Men,VVO,True,False
Jeffrey Jendryk,M,United States,USA,2024,Paris,Volleyball,Men,Bronze,Men,VVO,False,True
Garrett Muagututia,M,United States,USA,2024,Paris,Volleyball,Men,Bronze,Men,VVO,True,False
Aaron Russell,M,United States,USA,2024,Paris,Volleyball,Men,Bronze,Men,VVO,True,False
Erik Shoji,M,United States,USA,2024,Paris,Volleyball,Men,Bronze,Men,VVO,True,False
David Smith,M,United States,USA,2024,Paris,Volleyball,Men,Bronze,Men,VVO,True,False
